单品A编码,单品A名称,单品B编码,单品B名称,相关系数,p值,FDR_q值,符号,是否稳健边
102900005115250,西峡花菇(1),102900005116530,西峡香菇(1),-0.4528,0.0,0.0,负,是
102900005115779,云南生菜,102900005115793,小白菜,0.415,0.0,0.0,正,否
102900005115779,云南生菜,102900005115823,上海青,0.5179,0.0,0.0,正,是
102900005115779,云南生菜,102900005115908,菜心,0.4793,0.0,0.0,正,否
102900005115779,云南生菜,102900005115960,大白菜,0.4209,0.0,0.0,正,否
102900005115779,云南生菜,102900005115984,云南油麦菜,0.6422,0.0,0.0,正,是
102900005115779,云南生菜,102900005116226,青尖椒,0.5229,0.0,0.0,正,否
102900005115779,云南生菜,102900005116233,红椒(1),0.5424,0.0,0.0,正,是
102900005115779,云南生菜,102900005116547,金针菇(1),0.4851,0.0,0.0,正,否
102900005115779,云南生菜,102900005116790,黄心菜(1),0.4177,0.0,0.0,正,否
102900005115779,云南生菜,102900005116912,姬菇(1),0.4478,0.0,0.0,正,否
102900005115779,云南生菜,102900005116943,红杭椒,0.558,0.0,0.0,正,否
102900005115779,云南生菜,102900005118817,菠菜,0.4948,0.0,0.0,正,是
102900005115779,云南生菜,102900005119944,海鲜菇(1),0.4454,0.0,0.0,正,否
102900005115779,云南生菜,102900005125808,小米椒,0.5467,0.0,0.0,正,是
102900005115779,云南生菜,102900005125815,杏鲍菇(1),0.4919,0.0,0.0,正,否
102900005115779,云南生菜,102900011000328,螺丝椒,0.4799,0.0,0.0,正,否
102900005115779,云南生菜,102900011001806,姬菇(包),0.4226,0.0,0.0,正,是
102900005115779,云南生菜,102900011009970,青梗散花,0.447,0.0,0.0,正,否
102900005115779,云南生菜,102900011030059,云南生菜(份),-0.6807,0.0,0.0,负,否
102900005115779,云南生菜,102900011030097,云南油麦菜(份),-0.6608,0.0,0.0,负,否
102900005115779,云南生菜,102900011030110,菠菜(份),-0.6039,0.0,0.0,负,否
102900005115779,云南生菜,102900011030141,上海青(份),-0.4203,0.0,0.0,负,否
102900005115779,云南生菜,102900011031100,小米椒(份),-0.6192,0.0,0.0,负,否
102900005115779,云南生菜,102900011032022,小皱皮(份),-0.6107,0.0,0.0,负,否
102900005115779,云南生菜,102900011032237,青线椒(份),-0.4732,0.0,0.0,负,否
102900005115779,云南生菜,102900011032251,螺丝椒(份),-0.5672,0.0,0.0,负,否
102900005115779,云南生菜,102900011032343,七彩椒(2),-0.5002,0.0,0.0,负,否
102900005115779,云南生菜,102900011032848,姜蒜小米椒组合装(小份),-0.62,0.0,0.0,负,否
102900005115779,云南生菜,102900011033920,黄心菜(2),-0.4458,0.0,0.0,负,否
102900005115779,云南生菜,102900011033944,杏鲍菇(2),-0.5438,0.0,0.0,负,否
102900005115779,云南生菜,102900011034026,枝江青梗散花,-0.5683,0.0,0.0,负,否
102900005115779,云南生菜,102900011034224,小青菜(份),-0.4208,0.0,0.0,负,否
102900005115779,云南生菜,102900011034231,奶白菜(份),-0.5447,0.0,0.0,负,否
102900005115779,云南生菜,102900011034330,双孢菇(盒),-0.4929,0.0,0.0,负,否
102900005115779,云南生菜,102900011034439,青红杭椒组合装(份),-0.4748,0.0,0.0,负,否
102900005115779,云南生菜,102900011035078,红椒(2),-0.5613,0.0,0.0,负,否
102900005115779,云南生菜,102900051004294,青线椒,0.62,0.0,0.0,正,是
102900005115779,云南生菜,106949711300259,金针菇(盒),-0.5089,0.0,0.0,负,否
102900005115779,云南生菜,106958851400125,海鲜菇(袋)(4),0.402,0.0,0.0,正,是
102900005115793,小白菜,102900005115908,菜心,0.4759,0.0,0.0,正,否
102900005115793,小白菜,102900005115984,云南油麦菜,0.4106,0.0,0.0,正,是
102900005115793,小白菜,102900005116509,青茄子(1),0.4109,0.0,0.0,正,是
102900005115793,小白菜,102900005116912,姬菇(1),0.4003,0.0,0.0,正,否
102900005115793,小白菜,102900005119944,海鲜菇(1),0.4883,0.0,0.0,正,否
102900005115793,小白菜,102900005119975,红薯尖,0.4431,0.0,0.0,正,是
102900005115793,小白菜,102900005125815,杏鲍菇(1),0.4496,0.0,0.0,正,否
102900005115793,小白菜,102900011030059,云南生菜(份),-0.4028,0.0,0.0,负,否
102900005115793,小白菜,102900011030097,云南油麦菜(份),-0.4377,0.0,0.0,负,否
102900005115793,小白菜,102900011032022,小皱皮(份),-0.4126,0.0,0.0,负,否
102900005115793,小白菜,102900011034026,枝江青梗散花,-0.4062,0.0,0.0,负,否
102900005115793,小白菜,102900051004294,青线椒,0.4248,0.0,0.0,正,是
102900005115823,上海青,102900005115908,菜心,0.5577,0.0,0.0,正,是
102900005115823,上海青,102900005115960,大白菜,0.4447,0.0,0.0,正,否
102900005115823,上海青,102900005115984,云南油麦菜,0.5968,0.0,0.0,正,是
102900005115823,上海青,102900005116226,青尖椒,0.5659,0.0,0.0,正,是
102900005115823,上海青,102900005116233,红椒(1),0.442,0.0,0.0,正,是
102900005115823,上海青,102900005116547,金针菇(1),0.5861,0.0,0.0,正,否
102900005115823,上海青,102900005116790,黄心菜(1),0.4313,0.0,0.0,正,否
102900005115823,上海青,102900005116912,姬菇(1),0.474,0.0,0.0,正,否
102900005115823,上海青,102900005116943,红杭椒,0.5963,0.0,0.0,正,是
102900005115823,上海青,102900005117056,泡泡椒(精品),0.4026,0.0,0.0,正,否
102900005115823,上海青,102900005119944,海鲜菇(1),0.4523,0.0,0.0,正,否
102900005115823,上海青,102900005125808,小米椒,0.5515,0.0,0.0,正,是
102900005115823,上海青,102900005125815,杏鲍菇(1),0.5962,0.0,0.0,正,否
102900005115823,上海青,102900011000328,螺丝椒,0.4664,0.0,0.0,正,是
102900005115823,上海青,102900011001806,姬菇(包),0.4513,0.0,0.0,正,否
102900005115823,上海青,102900011009246,鲜木耳(1),0.4388,0.0,0.0,正,否
102900005115823,上海青,102900011009970,青梗散花,0.5401,0.0,0.0,正,否
102900005115823,上海青,102900011030059,云南生菜(份),-0.458,0.0,0.0,负,否
102900005115823,上海青,102900011030097,云南油麦菜(份),-0.4668,0.0,0.0,负,否
102900005115823,上海青,102900011030134,菜心(份),-0.4284,0.0,0.0,负,否
102900005115823,上海青,102900011030141,上海青(份),-0.4759,0.0,0.0,负,否
102900005115823,上海青,102900011031100,小米椒(份),-0.4916,0.0,0.0,负,否
102900005115823,上海青,102900011032022,小皱皮(份),-0.4768,0.0,0.0,负,否
102900005115823,上海青,102900011032237,青线椒(份),-0.4011,0.0,0.0,负,否
102900005115823,上海青,102900011032244,红尖椒(份),-0.4066,0.0,0.0,负,否
102900005115823,上海青,102900011032251,螺丝椒(份),-0.4061,0.0,0.0,负,否
102900005115823,上海青,102900011033920,黄心菜(2),-0.4443,0.0,0.0,负,否
102900005115823,上海青,102900011033944,杏鲍菇(2),-0.4341,0.0,0.0,负,否
102900005115823,上海青,102900011034026,枝江青梗散花,-0.4773,0.0,0.0,负,否
102900005115823,上海青,102900011034224,小青菜(份),-0.4276,0.0,0.0,负,否
102900005115823,上海青,102900051004294,青线椒,0.5598,0.0,0.0,正,是
102900005115861,牛首油菜,102900005115960,大白菜,0.4285,0.0,0.0,正,否
102900005115861,牛首油菜,102900005116837,平菇,0.5958,0.0,0.0,正,是
102900005115861,牛首油菜,102900005117056,泡泡椒(精品),0.4201,0.0,0.0,正,否
102900005115861,牛首油菜,102900011001806,姬菇(包),0.4112,0.0,0.0,正,是
102900005115861,牛首油菜,102900011001813,金针菇(袋)(1),0.437,0.0,0.0,正,否
102900005115861,牛首油菜,102900011011546,海鲜菇(袋)(1),0.4974,0.0,0.0,正,否
102900005115861,牛首油菜,102900011012994,杏鲍菇(袋),0.425,0.0,0.0,正,是
102900005115861,牛首油菜,102900011018095,虫草花(袋),0.4248,0.0,0.0,正,否
102900005115885,蔡甸藜蒿,102900011018095,虫草花(袋),0.4243,0.0,0.0,正,否
102900005115908,菜心,102900005115960,大白菜,0.4602,0.0,0.0,正,否
102900005115908,菜心,102900005115984,云南油麦菜,0.5296,0.0,0.0,正,否
102900005115908,菜心,102900005116226,青尖椒,0.5582,0.0,0.0,正,是
102900005115908,菜心,102900005116233,红椒(1),0.4314,0.0,0.0,正,否
102900005115908,菜心,102900005116509,青茄子(1),0.4265,0.0,0.0,正,否
102900005115908,菜心,102900005116530,西峡香菇(1),0.4053,0.0,0.0,正,是
102900005115908,菜心,102900005116547,金针菇(1),0.6098,0.0,0.0,正,否
102900005115908,菜心,102900005116790,黄心菜(1),0.4634,0.0,0.0,正,否
102900005115908,菜心,102900005116837,平菇,0.4258,0.0,0.0,正,是
102900005115908,菜心,102900005116912,姬菇(1),0.4645,0.0,0.0,正,否
102900005115908,菜心,102900005116943,红杭椒,0.6499,0.0,0.0,正,是
102900005115908,菜心,102900005117056,泡泡椒(精品),0.4961,0.0,0.0,正,否
102900005115908,菜心,102900005119944,海鲜菇(1),0.535,0.0,0.0,正,否
102900005115908,菜心,102900005125808,小米椒,0.615,0.0,0.0,正,是
102900005115908,菜心,102900005125815,杏鲍菇(1),0.6516,0.0,0.0,正,否
102900005115908,菜心,102900011000328,螺丝椒,0.402,0.0,0.0,正,否
102900005115908,菜心,102900011001806,姬菇(包),0.4756,0.0,0.0,正,否
102900005115908,菜心,102900011009444,大龙茄子,0.4682,0.0,0.0,正,否
102900005115908,菜心,102900011009970,青梗散花,0.571,0.0,0.0,正,否
102900005115908,菜心,102900011030059,云南生菜(份),-0.4426,0.0,0.0,负,否
102900005115908,菜心,102900011030097,云南油麦菜(份),-0.4575,0.0,0.0,负,否
102900005115908,菜心,102900011030134,菜心(份),-0.4053,0.0,0.0,负,否
102900005115908,菜心,102900011030141,上海青(份),-0.4278,0.0,0.0,负,否
102900005115908,菜心,102900011031100,小米椒(份),-0.4962,0.0,0.0,负,否
102900005115908,菜心,102900011032022,小皱皮(份),-0.487,0.0,0.0,负,否
102900005115908,菜心,102900011032251,螺丝椒(份),-0.4065,0.0,0.0,负,否
102900005115908,菜心,102900011032848,姜蒜小米椒组合装(小份),-0.4224,0.0,0.0,负,否
102900005115908,菜心,102900011033920,黄心菜(2),-0.4081,0.0,0.0,负,否
102900005115908,菜心,102900011034026,枝江青梗散花,-0.4244,0.0,0.0,负,否
102900005115908,菜心,102900051000463,圆茄子(2),0.4101,0.0,0.0,正,是
102900005115908,菜心,102900051004294,青线椒,0.5759,0.0,0.0,正,否
102900005115908,菜心,106949711300259,金针菇(盒),-0.4144,0.0,0.0,负,否
102900005115960,大白菜,102900005115984,云南油麦菜,0.5324,0.0,0.0,正,否
102900005115960,大白菜,102900005116226,青尖椒,0.4544,0.0,0.0,正,是
102900005115960,大白菜,102900005116233,红椒(1),0.4096,0.0,0.0,正,是
102900005115960,大白菜,102900005116547,金针菇(1),0.7575,0.0,0.0,正,是
102900005115960,大白菜,102900005116790,黄心菜(1),0.6071,0.0,0.0,正,是
102900005115960,大白菜,102900005116837,平菇,0.6545,0.0,0.0,正,是
102900005115960,大白菜,102900005116912,姬菇(1),0.5167,0.0,0.0,正,否
102900005115960,大白菜,102900005116943,红杭椒,0.5401,0.0,0.0,正,是
102900005115960,大白菜,102900005117056,泡泡椒(精品),0.6234,0.0,0.0,正,否
102900005115960,大白菜,102900005117209,七彩椒(1),0.4259,0.0,0.0,正,是
102900005115960,大白菜,102900005119944,海鲜菇(1),0.4512,0.0,0.0,正,否
102900005115960,大白菜,102900005125808,小米椒,0.5416,0.0,0.0,正,是
102900005115960,大白菜,102900005125815,杏鲍菇(1),0.6235,0.0,0.0,正,是
102900005115960,大白菜,102900011001219,红灯笼椒(1),0.4854,0.0,0.0,正,是
102900005115960,大白菜,102900011001806,姬菇(包),0.6755,0.0,0.0,正,是
102900005115960,大白菜,102900011001813,金针菇(袋)(1),0.4091,0.0,0.0,正,否
102900005115960,大白菜,102900011008522,甜白菜,0.4006,0.0,0.0,正,是
102900005115960,大白菜,102900011009246,鲜木耳(1),0.6992,0.0,0.0,正,否
102900005115960,大白菜,102900011009970,青梗散花,0.7012,0.0,0.0,正,是
102900005115960,大白菜,102900011011546,海鲜菇(袋)(1),0.5549,0.0,0.0,正,否
102900005115960,大白菜,102900011012994,杏鲍菇(袋),0.6534,0.0,0.0,正,是
102900005115960,大白菜,102900011013274,白玉菇(袋),0.4961,0.0,0.0,正,是
102900005115960,大白菜,102900011018095,虫草花(袋),0.725,0.0,0.0,正,否
102900005115960,大白菜,102900011023464,小青菜(1),-0.4439,0.0,0.0,负,否
102900005115960,大白菜,102900011030059,云南生菜(份),-0.4138,0.0,0.0,负,否
102900005115960,大白菜,102900011030097,云南油麦菜(份),-0.4595,0.0,0.0,负,否
102900005115960,大白菜,102900011030110,菠菜(份),-0.4183,0.0,0.0,负,否
102900005115960,大白菜,102900011031100,小米椒(份),-0.5186,0.0,0.0,负,否
102900005115960,大白菜,102900011032022,小皱皮(份),-0.4438,0.0,0.0,负,否
102900005115960,大白菜,102900051004294,青线椒,0.514,0.0,0.0,正,否
102900005115960,大白菜,106930274220092,蟹味菇(袋),0.4209,0.0,0.0,正,否
102900005115960,大白菜,106949711300068,金针菇(袋)(3),0.5929,0.0,0.0,正,否
102900005115984,云南油麦菜,102900005116226,青尖椒,0.6104,0.0,0.0,正,是
102900005115984,云南油麦菜,102900005116233,红椒(1),0.5629,0.0,0.0,正,是
102900005115984,云南油麦菜,102900005116547,金针菇(1),0.5962,0.0,0.0,正,否
102900005115984,云南油麦菜,102900005116790,黄心菜(1),0.4299,0.0,0.0,正,否
102900005115984,云南油麦菜,102900005116837,平菇,0.4328,0.0,0.0,正,是
102900005115984,云南油麦菜,102900005116912,姬菇(1),0.4921,0.0,0.0,正,否
102900005115984,云南油麦菜,102900005116943,红杭椒,0.6352,0.0,0.0,正,是
102900005115984,云南油麦菜,102900005119944,海鲜菇(1),0.4728,0.0,0.0,正,否
102900005115984,云南油麦菜,102900005125808,小米椒,0.6285,0.0,0.0,正,是
102900005115984,云南油麦菜,102900005125815,杏鲍菇(1),0.6299,0.0,0.0,正,否
102900005115984,云南油麦菜,102900011000328,螺丝椒,0.5122,0.0,0.0,正,是
102900005115984,云南油麦菜,102900011001806,姬菇(包),0.4925,0.0,0.0,正,是
102900005115984,云南油麦菜,102900011009246,鲜木耳(1),0.4809,0.0,0.0,正,否
102900005115984,云南油麦菜,102900011009970,青梗散花,0.5343,0.0,0.0,正,否
102900005115984,云南油麦菜,102900011012994,杏鲍菇(袋),0.415,0.0,0.0,正,是
102900005115984,云南油麦菜,102900011030059,云南生菜(份),-0.6238,0.0,0.0,负,否
102900005115984,云南油麦菜,102900011030097,云南油麦菜(份),-0.6672,0.0,0.0,负,否
102900005115984,云南油麦菜,102900011030110,菠菜(份),-0.5996,0.0,0.0,负,否
102900005115984,云南油麦菜,102900011030134,菜心(份),-0.4117,0.0,0.0,负,否
102900005115984,云南油麦菜,102900011030141,上海青(份),-0.4416,0.0,0.0,负,否
102900005115984,云南油麦菜,102900011031100,小米椒(份),-0.6613,0.0,0.0,负,否
102900005115984,云南油麦菜,102900011032022,小皱皮(份),-0.6129,0.0,0.0,负,否
102900005115984,云南油麦菜,102900011032237,青线椒(份),-0.4692,0.0,0.0,负,否
102900005115984,云南油麦菜,102900011032251,螺丝椒(份),-0.5426,0.0,0.0,负,否
102900005115984,云南油麦菜,102900011032343,七彩椒(2),-0.4713,0.0,0.0,负,否
102900005115984,云南油麦菜,102900011032848,姜蒜小米椒组合装(小份),-0.5924,0.0,0.0,负,否
102900005115984,云南油麦菜,102900011033920,黄心菜(2),-0.4185,0.0,0.0,负,否
102900005115984,云南油麦菜,102900011033944,杏鲍菇(2),-0.5201,0.0,0.0,负,否
102900005115984,云南油麦菜,102900011034026,枝江青梗散花,-0.5415,0.0,0.0,负,否
102900005115984,云南油麦菜,102900011034231,奶白菜(份),-0.4969,0.0,0.0,负,否
102900005115984,云南油麦菜,102900011034330,双孢菇(盒),-0.4639,0.0,0.0,负,否
102900005115984,云南油麦菜,102900011034439,青红杭椒组合装(份),-0.449,0.0,0.0,负,否
102900005115984,云南油麦菜,102900011035078,红椒(2),-0.5099,0.0,0.0,负,否
102900005115984,云南油麦菜,102900051004294,青线椒,0.6769,0.0,0.0,正,是
102900005115984,云南油麦菜,102900051010455,黄白菜(2),0.4238,0.0,0.0,正,是
102900005115984,云南油麦菜,106949711300068,金针菇(袋)(3),0.49,0.0,0.0,正,否
102900005115984,云南油麦菜,106949711300259,金针菇(盒),-0.51,0.0,0.0,负,否
102900005115984,云南油麦菜,106958851400125,海鲜菇(袋)(4),0.4774,0.0,0.0,正,否
102900005116226,青尖椒,102900005116233,红椒(1),0.5409,0.0,0.0,正,是
102900005116226,青尖椒,102900005116547,金针菇(1),0.5634,0.0,0.0,正,否
102900005116226,青尖椒,102900005116790,黄心菜(1),0.417,0.0,0.0,正,否
102900005116226,青尖椒,102900005116837,平菇,0.4851,0.0,0.0,正,是
102900005116226,青尖椒,102900005116943,红杭椒,0.683,0.0,0.0,正,是
102900005116226,青尖椒,102900005117056,泡泡椒(精品),0.4096,0.0,0.0,正,否
102900005116226,青尖椒,102900005119944,海鲜菇(1),0.4272,0.0,0.0,正,否
102900005116226,青尖椒,102900005125808,小米椒,0.6039,0.0,0.0,正,是
102900005116226,青尖椒,102900005125815,杏鲍菇(1),0.6107,0.0,0.0,正,是
102900005116226,青尖椒,102900011000328,螺丝椒,0.4515,0.0,0.0,正,是
102900005116226,青尖椒,102900011001806,姬菇(包),0.4355,0.0,0.0,正,是
102900005116226,青尖椒,102900011009246,鲜木耳(1),0.4103,0.0,0.0,正,否
102900005116226,青尖椒,102900011009970,青梗散花,0.5296,0.0,0.0,正,否
102900005116226,青尖椒,102900011030059,云南生菜(份),-0.544,0.0,0.0,负,否
102900005116226,青尖椒,102900011030097,云南油麦菜(份),-0.5605,0.0,0.0,负,否
102900005116226,青尖椒,102900011030110,菠菜(份),-0.4574,0.0,0.0,负,否
102900005116226,青尖椒,102900011030141,上海青(份),-0.4231,0.0,0.0,负,否
102900005116226,青尖椒,102900011030929,鲜木耳(份),-0.4119,0.0,0.0,负,否
102900005116226,青尖椒,102900011031100,小米椒(份),-0.57,0.0,0.0,负,否
102900005116226,青尖椒,102900011032022,小皱皮(份),-0.5624,0.0,0.0,负,否
102900005116226,青尖椒,102900011032237,青线椒(份),-0.4419,0.0,0.0,负,否
102900005116226,青尖椒,102900011032244,红尖椒(份),-0.4143,0.0,0.0,负,否
102900005116226,青尖椒,102900011032251,螺丝椒(份),-0.5074,0.0,0.0,负,否
102900005116226,青尖椒,102900011032848,姜蒜小米椒组合装(小份),-0.5126,0.0,0.0,负,否
102900005116226,青尖椒,102900011033906,保康高山大白菜,-0.4224,0.0,0.0,负,否
102900005116226,青尖椒,102900011033920,黄心菜(2),-0.4298,0.0,0.0,负,否
102900005116226,青尖椒,102900011033944,杏鲍菇(2),-0.5051,0.0,0.0,负,否
102900005116226,青尖椒,102900011034026,枝江青梗散花,-0.5587,0.0,0.0,负,否
102900005116226,青尖椒,102900011034224,小青菜(份),-0.4114,0.0,0.0,负,否
102900005116226,青尖椒,102900011034231,奶白菜(份),-0.4514,0.0,0.0,负,否
102900005116226,青尖椒,102900011034330,双孢菇(盒),-0.4072,0.0,0.0,负,否
102900005116226,青尖椒,102900011035078,红椒(2),-0.4041,0.0,0.0,负,否
102900005116226,青尖椒,102900051004294,青线椒,0.6339,0.0,0.0,正,是
102900005116226,青尖椒,106949711300259,金针菇(盒),-0.4978,0.0,0.0,负,否
102900005116226,青尖椒,106958851400125,海鲜菇(袋)(4),0.4328,0.0,0.0,正,否
102900005116233,红椒(1),102900005116257,紫茄子(2),0.4076,0.0,0.0,正,是
102900005116233,红椒(1),102900005116547,金针菇(1),0.5088,0.0,0.0,正,是
102900005116233,红椒(1),102900005116943,红杭椒,0.5804,0.0,0.0,正,是
102900005116233,红椒(1),102900005117209,七彩椒(1),0.4724,0.0,0.0,正,是
102900005116233,红椒(1),102900005118817,菠菜,0.4378,0.0,0.0,正,否
102900005116233,红椒(1),102900005123880,灯笼椒(1),0.4068,0.0,0.0,正,是
102900005116233,红椒(1),102900005125808,小米椒,0.6644,0.0,0.0,正,是
102900005116233,红椒(1),102900005125815,杏鲍菇(1),0.5005,0.0,0.0,正,否
102900005116233,红椒(1),102900011000328,螺丝椒,0.5176,0.0,0.0,正,是
102900005116233,红椒(1),102900011009970,青梗散花,0.4457,0.0,0.0,正,是
102900005116233,红椒(1),102900011012994,杏鲍菇(袋),0.4061,0.0,0.0,正,是
102900005116233,红椒(1),102900011030059,云南生菜(份),-0.5035,0.0,0.0,负,是
102900005116233,红椒(1),102900011030097,云南油麦菜(份),-0.5108,0.0,0.0,负,是
102900005116233,红椒(1),102900011030110,菠菜(份),-0.5163,0.0,0.0,负,是
102900005116233,红椒(1),102900011031100,小米椒(份),-0.4539,0.0,0.0,负,是
102900005116233,红椒(1),102900011032022,小皱皮(份),-0.4763,0.0,0.0,负,否
102900005116233,红椒(1),102900011032251,螺丝椒(份),-0.4319,0.0,0.0,负,否
102900005116233,红椒(1),102900011032848,姜蒜小米椒组合装(小份),-0.5394,0.0,0.0,负,否
102900005116233,红椒(1),102900011033920,黄心菜(2),-0.4741,0.0,0.0,负,否
102900005116233,红椒(1),102900011034026,枝江青梗散花,-0.4767,0.0,0.0,负,否
102900005116233,红椒(1),102900011034231,奶白菜(份),-0.4927,0.0,0.0,负,否
102900005116233,红椒(1),102900011035078,红椒(2),-0.4203,0.0,0.0,负,否
102900005116233,红椒(1),102900051004294,青线椒,0.696,0.0,0.0,正,是
102900005116509,青茄子(1),102900005116547,金针菇(1),0.4489,0.0,0.0,正,否
102900005116509,青茄子(1),102900005117056,泡泡椒(精品),0.4434,0.0,0.0,正,否
102900005116509,青茄子(1),102900005119944,海鲜菇(1),0.4123,0.0,0.0,正,否
102900005116509,青茄子(1),102900005125808,小米椒,0.4037,0.0,0.0,正,否
102900005116509,青茄子(1),102900005125815,杏鲍菇(1),0.4722,0.0,0.0,正,否
102900005116509,青茄子(1),102900051004294,青线椒,0.5215,0.0,0.0,正,是
102900005116547,金针菇(1),102900005116790,黄心菜(1),0.6346,0.0,0.0,正,否
102900005116547,金针菇(1),102900005116837,平菇,0.5353,0.0,0.0,正,否
102900005116547,金针菇(1),102900005116912,姬菇(1),0.6413,0.0,0.0,正,否
102900005116547,金针菇(1),102900005116943,红杭椒,0.6946,0.0,0.0,正,否
102900005116547,金针菇(1),102900005117056,泡泡椒(精品),0.726,0.0,0.0,正,否
102900005116547,金针菇(1),102900005117209,七彩椒(1),0.4773,0.0,0.0,正,是
102900005116547,金针菇(1),102900005119944,海鲜菇(1),0.6173,0.0,0.0,正,否
102900005116547,金针菇(1),102900005123880,灯笼椒(1),0.4835,0.0,0.0,正,是
102900005116547,金针菇(1),102900005125808,小米椒,0.6564,0.0,0.0,正,是
102900005116547,金针菇(1),102900005125815,杏鲍菇(1),0.8196,0.0,0.0,正,否
102900005116547,金针菇(1),102900011000328,螺丝椒,0.4136,0.0,0.0,正,否
102900005116547,金针菇(1),102900011001219,红灯笼椒(1),0.5362,0.0,0.0,正,是
102900005116547,金针菇(1),102900011001806,姬菇(包),0.6808,0.0,0.0,正,是
102900005116547,金针菇(1),102900011008522,甜白菜,0.496,0.0,0.0,正,否
102900005116547,金针菇(1),102900011009246,鲜木耳(1),0.6211,0.0,0.0,正,否
102900005116547,金针菇(1),102900011009444,大龙茄子,0.5029,0.0,0.0,正,否
102900005116547,金针菇(1),102900011009970,青梗散花,0.8299,0.0,0.0,正,是
102900005116547,金针菇(1),102900011011546,海鲜菇(袋)(1),0.5343,0.0,0.0,正,否
102900005116547,金针菇(1),102900011012994,杏鲍菇(袋),0.5699,0.0,0.0,正,是
102900005116547,金针菇(1),102900011018095,虫草花(袋),0.5322,0.0,0.0,正,否
102900005116547,金针菇(1),102900011023464,小青菜(1),-0.4074,0.0,0.0,负,否
102900005116547,金针菇(1),102900011030059,云南生菜(份),-0.4415,0.0,0.0,负,否
102900005116547,金针菇(1),102900011030097,云南油麦菜(份),-0.4728,0.0,0.0,负,否
102900005116547,金针菇(1),102900011030110,菠菜(份),-0.4297,0.0,0.0,负,否
102900005116547,金针菇(1),102900011030141,上海青(份),-0.4072,0.0,0.0,负,否
102900005116547,金针菇(1),102900011031100,小米椒(份),-0.5383,0.0,0.0,负,否
102900005116547,金针菇(1),102900011032022,小皱皮(份),-0.4846,0.0,0.0,负,否
102900005116547,金针菇(1),102900011032848,姜蒜小米椒组合装(小份),-0.4034,0.0,0.0,负,否
102900005116547,金针菇(1),102900011033920,黄心菜(2),-0.4032,0.0,0.0,负,否
102900005116547,金针菇(1),102900011034026,枝江青梗散花,-0.4019,0.0,0.0,负,否
102900005116547,金针菇(1),102900051000463,圆茄子(2),0.4282,0.0,0.0,正,否
102900005116547,金针菇(1),102900051004294,青线椒,0.6446,0.0,0.0,正,是
102900005116547,金针菇(1),106949711300068,金针菇(袋)(3),0.413,0.0,0.0,正,否
102900005116790,黄心菜(1),102900005116837,平菇,0.4296,0.0,0.0,正,否
102900005116790,黄心菜(1),102900005116912,姬菇(1),0.5248,0.0,0.0,正,否
102900005116790,黄心菜(1),102900005116943,红杭椒,0.497,0.0,0.0,正,否
102900005116790,黄心菜(1),102900005117056,泡泡椒(精品),0.478,0.0,0.0,正,是
102900005116790,黄心菜(1),102900005119944,海鲜菇(1),0.5083,0.0,0.0,正,否
102900005116790,黄心菜(1),102900005125808,小米椒,0.4787,0.0,0.0,正,否
102900005116790,黄心菜(1),102900005125815,杏鲍菇(1),0.5419,0.0,0.0,正,否
102900005116790,黄心菜(1),102900011001806,姬菇(包),0.5477,0.0,0.0,正,是
102900005116790,黄心菜(1),102900011009246,鲜木耳(1),0.4864,0.0,0.0,正,否
102900005116790,黄心菜(1),102900011009970,青梗散花,0.6017,0.0,0.0,正,否
102900005116790,黄心菜(1),102900011011546,海鲜菇(袋)(1),0.4618,0.0,0.0,正,否
102900005116790,黄心菜(1),102900011012994,杏鲍菇(袋),0.4732,0.0,0.0,正,否
102900005116790,黄心菜(1),102900011031100,小米椒(份),-0.4492,0.0,0.0,负,否
102900005116790,黄心菜(1),102900011032022,小皱皮(份),-0.4087,0.0,0.0,负,否
102900005116790,黄心菜(1),102900051000463,圆茄子(2),0.5123,0.0,0.0,正,否
102900005116790,黄心菜(1),102900051004294,青线椒,0.4319,0.0,0.0,正,否
102900005116837,平菇,102900005116943,红杭椒,0.5013,0.0,0.0,正,是
102900005116837,平菇,102900005117056,泡泡椒(精品),0.4439,0.0,0.0,正,是
102900005116837,平菇,102900005118817,菠菜,0.401,0.0,0.0,正,是
102900005116837,平菇,102900005125808,小米椒,0.4692,0.0,0.0,正,是
102900005116837,平菇,102900005125815,杏鲍菇(1),0.4254,0.0,0.0,正,否
102900005116837,平菇,102900011001806,姬菇(包),0.4943,0.0,0.0,正,是
102900005116837,平菇,102900011009246,鲜木耳(1),0.628,0.0,0.0,正,否
102900005116837,平菇,102900011009970,青梗散花,0.5246,0.0,0.0,正,否
102900005116837,平菇,102900011012994,杏鲍菇(袋),0.5831,0.0,0.0,正,是
102900005116837,平菇,102900011018095,虫草花(袋),0.6003,0.0,0.0,正,否
102900005116837,平菇,102900011031100,小米椒(份),-0.4904,0.0,0.0,负,是
102900005116837,平菇,102900011032022,小皱皮(份),-0.434,0.0,0.0,负,否
102900005116837,平菇,102900011032251,螺丝椒(份),-0.4139,0.0,0.0,负,否
102900005116837,平菇,102900051004294,青线椒,0.4556,0.0,0.0,正,是
102900005116837,平菇,106949711300068,金针菇(袋)(3),0.4734,0.0,0.0,正,否
102900005116837,平菇,106949711300259,金针菇(盒),-0.4529,0.0,0.0,负,否
102900005116837,平菇,106958851400125,海鲜菇(袋)(4),0.419,0.0,0.0,正,否
102900005116912,姬菇(1),102900005116943,红杭椒,0.5819,0.0,0.0,正,否
102900005116912,姬菇(1),102900005117056,泡泡椒(精品),0.4534,0.0,0.0,正,否
102900005116912,姬菇(1),102900005119944,海鲜菇(1),0.736,0.0,0.0,正,否
102900005116912,姬菇(1),102900005125808,小米椒,0.5685,0.0,0.0,正,否
102900005116912,姬菇(1),102900005125815,杏鲍菇(1),0.6683,0.0,0.0,正,否
102900005116912,姬菇(1),102900011001806,姬菇(包),0.5206,0.0,0.0,正,否
102900005116912,姬菇(1),102900011008522,甜白菜,0.4364,0.0,0.0,正,否
102900005116912,姬菇(1),102900011009246,鲜木耳(1),0.4455,0.0,0.0,正,否
102900005116912,姬菇(1),102900011009970,青梗散花,0.5563,0.0,0.0,正,否
102900005116912,姬菇(1),102900011030097,云南油麦菜(份),-0.4184,0.0,0.0,负,否
102900005116912,姬菇(1),102900011030141,上海青(份),-0.4017,0.0,0.0,负,否
102900005116912,姬菇(1),102900011031100,小米椒(份),-0.431,0.0,0.0,负,否
102900005116912,姬菇(1),102900011032022,小皱皮(份),-0.4124,0.0,0.0,负,否
102900005116912,姬菇(1),102900011033920,黄心菜(2),-0.4268,0.0,0.0,负,否
102900005116912,姬菇(1),102900051004294,青线椒,0.4585,0.0,0.0,正,否
102900005116912,姬菇(1),106949711300068,金针菇(袋)(3),0.4301,0.0,0.0,正,否
102900005116943,红杭椒,102900005117056,泡泡椒(精品),0.486,0.0,0.0,正,否
102900005116943,红杭椒,102900005117209,七彩椒(1),0.4148,0.0,0.0,正,是
102900005116943,红杭椒,102900005119944,海鲜菇(1),0.5685,0.0,0.0,正,否
102900005116943,红杭椒,102900005123880,灯笼椒(1),0.4042,0.0,0.0,正,是
102900005116943,红杭椒,102900005125808,小米椒,0.6828,0.0,0.0,正,是
102900005116943,红杭椒,102900005125815,杏鲍菇(1),0.7236,0.0,0.0,正,否
102900005116943,红杭椒,102900011000328,螺丝椒,0.4737,0.0,0.0,正,是
102900005116943,红杭椒,102900011001219,红灯笼椒(1),0.4193,0.0,0.0,正,是
102900005116943,红杭椒,102900011001806,姬菇(包),0.5128,0.0,0.0,正,是
102900005116943,红杭椒,102900011009246,鲜木耳(1),0.4953,0.0,0.0,正,否
102900005116943,红杭椒,102900011009444,大龙茄子,0.4028,0.0,0.0,正,否
102900005116943,红杭椒,102900011009970,青梗散花,0.624,0.0,0.0,正,否
102900005116943,红杭椒,102900011012994,杏鲍菇(袋),0.4196,0.0,0.0,正,是
102900005116943,红杭椒,102900011030059,云南生菜(份),-0.5248,0.0,0.0,负,否
102900005116943,红杭椒,102900011030097,云南油麦菜(份),-0.5437,0.0,0.0,负,否
102900005116943,红杭椒,102900011030110,菠菜(份),-0.4645,0.0,0.0,负,否
102900005116943,红杭椒,102900011030141,上海青(份),-0.4179,0.0,0.0,负,否
102900005116943,红杭椒,102900011030929,鲜木耳(份),-0.4023,0.0,0.0,负,否
102900005116943,红杭椒,102900011031100,小米椒(份),-0.5668,0.0,0.0,负,是
102900005116943,红杭椒,102900011032022,小皱皮(份),-0.5469,0.0,0.0,负,否
102900005116943,红杭椒,102900011032237,青线椒(份),-0.4358,0.0,0.0,负,否
102900005116943,红杭椒,102900011032244,红尖椒(份),-0.4042,0.0,0.0,负,否
102900005116943,红杭椒,102900011032251,螺丝椒(份),-0.4726,0.0,0.0,负,否
102900005116943,红杭椒,102900011032848,姜蒜小米椒组合装(小份),-0.5082,0.0,0.0,负,否
102900005116943,红杭椒,102900011033920,黄心菜(2),-0.4551,0.0,0.0,负,否
102900005116943,红杭椒,102900011033944,杏鲍菇(2),-0.487,0.0,0.0,负,否
102900005116943,红杭椒,102900011034026,枝江青梗散花,-0.534,0.0,0.0,负,否
102900005116943,红杭椒,102900011034231,奶白菜(份),-0.4418,0.0,0.0,负,否
102900005116943,红杭椒,102900011034330,双孢菇(盒),-0.4478,0.0,0.0,负,否
102900005116943,红杭椒,102900051004294,青线椒,0.6832,0.0,0.0,正,是
102900005116943,红杭椒,106949711300068,金针菇(袋)(3),0.4202,0.0,0.0,正,否
102900005116943,红杭椒,106949711300259,金针菇(盒),-0.482,0.0,0.0,负,否
102900005116943,红杭椒,106958851400125,海鲜菇(袋)(4),0.4134,0.0,0.0,正,否
102900005117056,泡泡椒(精品),102900005117209,七彩椒(1),0.5141,0.0,0.0,正,否
102900005117056,泡泡椒(精品),102900005119944,海鲜菇(1),0.4208,0.0,0.0,正,否
102900005117056,泡泡椒(精品),102900005123880,灯笼椒(1),0.5614,0.0,0.0,正,否
102900005117056,泡泡椒(精品),102900005125808,小米椒,0.4012,0.0,0.0,正,否
102900005117056,泡泡椒(精品),102900005125815,杏鲍菇(1),0.6088,0.0,0.0,正,是
102900005117056,泡泡椒(精品),102900011001219,红灯笼椒(1),0.6194,0.0,0.0,正,否
102900005117056,泡泡椒(精品),102900011001806,姬菇(包),0.6275,0.0,0.0,正,否
102900005117056,泡泡椒(精品),102900011001813,金针菇(袋)(1),0.438,0.0,0.0,正,否
102900005117056,泡泡椒(精品),102900011008522,甜白菜,0.5002,0.0,0.0,正,否
102900005117056,泡泡椒(精品),102900011009246,鲜木耳(1),0.4758,0.0,0.0,正,否
102900005117056,泡泡椒(精品),102900011009444,大龙茄子,0.4681,0.0,0.0,正,否
102900005117056,泡泡椒(精品),102900011009970,青梗散花,0.696,0.0,0.0,正,否
102900005117056,泡泡椒(精品),102900011011546,海鲜菇(袋)(1),0.7013,0.0,0.0,正,否
102900005117056,泡泡椒(精品),102900011012994,杏鲍菇(袋),0.4237,0.0,0.0,正,否
102900005117056,泡泡椒(精品),102900011016701,芜湖青椒(1),-0.609,0.0,0.0,负,否
102900005117056,泡泡椒(精品),102900011018095,虫草花(袋),0.4786,0.0,0.0,正,否
102900005117056,泡泡椒(精品),102900051004294,青线椒,0.4759,0.0,0.0,正,否
102900005117209,七彩椒(1),102900005123880,灯笼椒(1),0.658,0.0,0.0,正,是
102900005117209,七彩椒(1),102900005125815,杏鲍菇(1),0.4623,0.0,0.0,正,否
102900005117209,七彩椒(1),102900011001219,红灯笼椒(1),0.7391,0.0,0.0,正,是
102900005117209,七彩椒(1),102900011001806,姬菇(包),0.4609,0.0,0.0,正,是
102900005117209,七彩椒(1),102900011009970,青梗散花,0.4075,0.0,0.0,正,是
102900005117209,七彩椒(1),102900051004294,青线椒,0.4673,0.0,0.0,正,是
102900005118817,菠菜,102900011008164,奶白菜,0.4162,0.0,0.0,正,是
102900005118817,菠菜,102900011012994,杏鲍菇(袋),0.4423,0.0,0.0,正,是
102900005118817,菠菜,102900011030059,云南生菜(份),-0.4036,0.0,0.0,负,否
102900005118817,菠菜,102900011030110,菠菜(份),-0.4303,0.0,0.0,负,否
102900005118817,菠菜,102900011032251,螺丝椒(份),-0.405,0.0,0.0,负,否
102900005118817,菠菜,102900011032848,姜蒜小米椒组合装(小份),-0.4219,0.0,0.0,负,否
102900005118817,菠菜,102900011034231,奶白菜(份),-0.4075,0.0,0.0,负,否
102900005118817,菠菜,102900011035078,红椒(2),-0.4293,0.0,0.0,负,否
102900005118817,菠菜,102900051004294,青线椒,0.4579,0.0,0.0,正,否
102900005118831,娃娃菜,102900011010891,野藕(1),0.4198,0.0,0.0,正,否
102900005118831,娃娃菜,102900011031926,虫草花(份),0.4445,0.0,0.0,正,否
102900005118831,娃娃菜,102900011032251,螺丝椒(份),0.4006,0.0,0.0,正,否
102900005118831,娃娃菜,106949711300259,金针菇(盒),0.4102,0.0,0.0,正,否
102900005119098,双孢菇,102900005119944,海鲜菇(1),0.4866,0.0,0.0,正,否
102900005119098,双孢菇,106949711300068,金针菇(袋)(3),0.5001,0.0,0.0,正,否
102900005119944,海鲜菇(1),102900005125808,小米椒,0.5771,0.0,0.0,正,否
102900005119944,海鲜菇(1),102900005125815,杏鲍菇(1),0.7072,0.0,0.0,正,否
102900005119944,海鲜菇(1),102900011001806,姬菇(包),0.4574,0.0,0.0,正,否
102900005119944,海鲜菇(1),102900011008522,甜白菜,0.4217,0.0,0.0,正,否
102900005119944,海鲜菇(1),102900011009970,青梗散花,0.5538,0.0,0.0,正,否
102900005119944,海鲜菇(1),102900011030097,云南油麦菜(份),-0.4098,0.0,0.0,负,否
102900005119944,海鲜菇(1),102900011030134,菜心(份),-0.4006,0.0,0.0,负,否
102900005119944,海鲜菇(1),102900011031100,小米椒(份),-0.4243,0.0,0.0,负,否
102900005119944,海鲜菇(1),102900011032022,小皱皮(份),-0.4096,0.0,0.0,负,否
102900005119944,海鲜菇(1),102900011034026,枝江青梗散花,-0.4042,0.0,0.0,负,否
102900005119944,海鲜菇(1),102900051000463,圆茄子(2),0.422,0.0,0.0,正,否
102900005119944,海鲜菇(1),102900051004294,青线椒,0.5015,0.0,0.0,正,否
102900005119968,青杭椒(2),102900011006948,外地茼蒿,0.4789,0.0,0.0,正,否
102900005123880,灯笼椒(1),102900005125815,杏鲍菇(1),0.4461,0.0,0.0,正,是
102900005123880,灯笼椒(1),102900011001219,红灯笼椒(1),0.6991,0.0,0.0,正,是
102900005123880,灯笼椒(1),102900011001806,姬菇(包),0.483,0.0,0.0,正,否
102900005123880,灯笼椒(1),102900011008522,甜白菜,0.4639,0.0,0.0,正,是
102900005123880,灯笼椒(1),102900011009970,青梗散花,0.4189,0.0,0.0,正,是
102900005123880,灯笼椒(1),102900011011546,海鲜菇(袋)(1),0.4298,0.0,0.0,正,否
102900005125808,小米椒,102900005125815,杏鲍菇(1),0.6935,0.0,0.0,正,否
102900005125808,小米椒,102900011000328,螺丝椒,0.4954,0.0,0.0,正,是
102900005125808,小米椒,102900011001806,姬菇(包),0.4835,0.0,0.0,正,是
102900005125808,小米椒,102900011009246,鲜木耳(1),0.5019,0.0,0.0,正,否
102900005125808,小米椒,102900011009970,青梗散花,0.6123,0.0,0.0,正,是
102900005125808,小米椒,102900011012994,杏鲍菇(袋),0.4816,0.0,0.0,正,是
102900005125808,小米椒,102900011022030,组合椒系列,0.4582,0.0,0.0,正,否
102900005125808,小米椒,102900011030059,云南生菜(份),-0.5,0.0,0.0,负,否
102900005125808,小米椒,102900011030097,云南油麦菜(份),-0.5246,0.0,0.0,负,否
102900005125808,小米椒,102900011030110,菠菜(份),-0.4918,0.0,0.0,负,是
102900005125808,小米椒,102900011030134,菜心(份),-0.4083,0.0,0.0,负,否
102900005125808,小米椒,102900011030141,上海青(份),-0.4431,0.0,0.0,负,否
102900005125808,小米椒,102900011031100,小米椒(份),-0.5753,0.0,0.0,负,是
102900005125808,小米椒,102900011031582,青尖椒(份),-0.4297,0.0,0.0,负,否
102900005125808,小米椒,102900011032022,小皱皮(份),-0.5635,0.0,0.0,负,否
102900005125808,小米椒,102900011032213,红杭椒(份),-0.4523,0.0,0.0,负,否
102900005125808,小米椒,102900011032237,青线椒(份),-0.4328,0.0,0.0,负,否
102900005125808,小米椒,102900011032244,红尖椒(份),-0.4405,0.0,0.0,负,否
102900005125808,小米椒,102900011032251,螺丝椒(份),-0.4167,0.0,0.0,负,否
102900005125808,小米椒,102900011032848,姜蒜小米椒组合装(小份),-0.4871,0.0,0.0,负,否
102900005125808,小米椒,102900011033920,黄心菜(2),-0.4964,0.0,0.0,负,否
102900005125808,小米椒,102900011033944,杏鲍菇(2),-0.4264,0.0,0.0,负,否
102900005125808,小米椒,102900011034026,枝江青梗散花,-0.4992,0.0,0.0,负,否
102900005125808,小米椒,102900011034231,奶白菜(份),-0.4209,0.0,0.0,负,否
102900005125808,小米椒,102900051000463,圆茄子(2),0.4059,0.0,0.0,正,是
102900005125808,小米椒,102900051004294,青线椒,0.6952,0.0,0.0,正,是
102900005125808,小米椒,106949711300068,金针菇(袋)(3),0.4488,0.0,0.0,正,否
102900005125808,小米椒,106949711300259,金针菇(盒),-0.4347,0.0,0.0,负,否
102900005125815,杏鲍菇(1),102900011000328,螺丝椒,0.4202,0.0,0.0,正,否
102900005125815,杏鲍菇(1),102900011001219,红灯笼椒(1),0.5002,0.0,0.0,正,是
102900005125815,杏鲍菇(1),102900011001806,姬菇(包),0.568,0.0,0.0,正,否
102900005125815,杏鲍菇(1),102900011008522,甜白菜,0.5032,0.0,0.0,正,否
102900005125815,杏鲍菇(1),102900011009246,鲜木耳(1),0.5128,0.0,0.0,正,否
102900005125815,杏鲍菇(1),102900011009444,大龙茄子,0.5376,0.0,0.0,正,否
102900005125815,杏鲍菇(1),102900011009970,青梗散花,0.7249,0.0,0.0,正,否
102900005125815,杏鲍菇(1),102900011012994,杏鲍菇(袋),0.4291,0.0,0.0,正,否
102900005125815,杏鲍菇(1),102900011030059,云南生菜(份),-0.4798,0.0,0.0,负,否
102900005125815,杏鲍菇(1),102900011030097,云南油麦菜(份),-0.5221,0.0,0.0,负,否
102900005125815,杏鲍菇(1),102900011030110,菠菜(份),-0.4383,0.0,0.0,负,否
102900005125815,杏鲍菇(1),102900011030134,菜心(份),-0.4507,0.0,0.0,负,否
102900005125815,杏鲍菇(1),102900011030141,上海青(份),-0.4685,0.0,0.0,负,否
102900005125815,杏鲍菇(1),102900011031100,小米椒(份),-0.5559,0.0,0.0,负,否
102900005125815,杏鲍菇(1),102900011032022,小皱皮(份),-0.5328,0.0,0.0,负,否
102900005125815,杏鲍菇(1),102900011032213,红杭椒(份),-0.4033,0.0,0.0,负,否
102900005125815,杏鲍菇(1),102900011032848,姜蒜小米椒组合装(小份),-0.4075,0.0,0.0,负,否
102900005125815,杏鲍菇(1),102900011033920,黄心菜(2),-0.4275,0.0,0.0,负,否
102900005125815,杏鲍菇(1),102900011034026,枝江青梗散花,-0.4707,0.0,0.0,负,否
102900005125815,杏鲍菇(1),102900051004294,青线椒,0.6571,0.0,0.0,正,否
102900005125815,杏鲍菇(1),106949711300068,金针菇(袋)(3),0.426,0.0,0.0,正,否
102900005125815,杏鲍菇(1),106949711300259,金针菇(盒),-0.4184,0.0,0.0,负,否
102900011000328,螺丝椒,102900011009970,青梗散花,0.4136,0.0,0.0,正,是
102900011000328,螺丝椒,102900011030059,云南生菜(份),-0.4667,0.0,0.0,负,否
102900011000328,螺丝椒,102900011030097,云南油麦菜(份),-0.4554,0.0,0.0,负,否
102900011000328,螺丝椒,102900011030110,菠菜(份),-0.4438,0.0,0.0,负,否
102900011000328,螺丝椒,102900011031100,小米椒(份),-0.4503,0.0,0.0,负,否
102900011000328,螺丝椒,102900011032022,小皱皮(份),-0.5009,0.0,0.0,负,否
102900011000328,螺丝椒,102900011032237,青线椒(份),-0.4209,0.0,0.0,负,否
102900011000328,螺丝椒,102900011032251,螺丝椒(份),-0.4908,0.0,0.0,负,否
102900011000328,螺丝椒,102900011032848,姜蒜小米椒组合装(小份),-0.4325,0.0,0.0,负,否
102900011000328,螺丝椒,102900011033944,杏鲍菇(2),-0.4558,0.0,0.0,负,否
102900011000328,螺丝椒,102900011034026,枝江青梗散花,-0.4681,0.0,0.0,负,否
102900011000328,螺丝椒,102900011034231,奶白菜(份),-0.5004,0.0,0.0,负,否
102900011000328,螺丝椒,102900011034439,青红杭椒组合装(份),-0.4082,0.0,0.0,负,否
102900011000328,螺丝椒,102900011035078,红椒(2),-0.4447,0.0,0.0,负,否
102900011000328,螺丝椒,102900051004294,青线椒,0.5384,0.0,0.0,正,是
102900011001219,红灯笼椒(1),102900011001806,姬菇(包),0.4908,0.0,0.0,正,是
102900011001219,红灯笼椒(1),102900011008522,甜白菜,0.4559,0.0,0.0,正,否
102900011001219,红灯笼椒(1),102900011009970,青梗散花,0.4832,0.0,0.0,正,是
102900011001219,红灯笼椒(1),102900051004294,青线椒,0.4383,0.0,0.0,正,是
102900011001561,莲蓬(个),102900011032206,青杭椒(份),0.4216,0.0,0.0,正,否
102900011001561,莲蓬(个),102900011033920,黄心菜(2),0.4431,0.0,0.0,正,否
102900011001561,莲蓬(个),102900011033937,金针菇(2),0.5087,0.0,0.0,正,否
102900011001806,姬菇(包),102900011001813,金针菇(袋)(1),0.4074,0.0,0.0,正,否
102900011001806,姬菇(包),102900011008522,甜白菜,0.4553,0.0,0.0,正,是
102900011001806,姬菇(包),102900011009246,鲜木耳(1),0.4956,0.0,0.0,正,否
102900011001806,姬菇(包),102900011009970,青梗散花,0.5958,0.0,0.0,正,是
102900011001806,姬菇(包),102900011011546,海鲜菇(袋)(1),0.5576,0.0,0.0,正,否
102900011001806,姬菇(包),102900011012994,杏鲍菇(袋),0.5537,0.0,0.0,正,是
102900011001806,姬菇(包),102900011013274,白玉菇(袋),0.4104,0.0,0.0,正,否
102900011001806,姬菇(包),102900011018095,虫草花(袋),0.4646,0.0,0.0,正,否
102900011001806,姬菇(包),102900011031100,小米椒(份),-0.4227,0.0,0.0,负,否
102900011001806,姬菇(包),102900051000463,圆茄子(2),0.4183,0.0,0.0,正,否
102900011001806,姬菇(包),102900051004294,青线椒,0.4706,0.0,0.0,正,否
102900011001813,金针菇(袋)(1),102900011011546,海鲜菇(袋)(1),0.526,0.0,0.0,正,否
102900011002414,田七,102900011022030,组合椒系列,0.428,0.0,0.0,正,否
102900011006689,东门口小白菜,102900011032251,螺丝椒(份),-0.4237,0.0,0.0,负,否
102900011006689,东门口小白菜,102900011034330,双孢菇(盒),-0.4472,0.0,0.0,负,否
102900011006689,东门口小白菜,102900011035078,红椒(2),-0.4131,0.0,0.0,负,否
102900011006689,东门口小白菜,106949711300167,金针菇(袋)(2),0.4663,0.0,0.0,正,是
102900011006689,东门口小白菜,106949711300259,金针菇(盒),-0.469,0.0,0.0,负,否
102900011007044,银耳(朵),102900011010891,野藕(1),0.4466,0.0,0.0,正,否
102900011007044,银耳(朵),102900011030905,鱼腥草(份),0.4004,0.0,0.0,正,否
102900011007044,银耳(朵),102900011032237,青线椒(份),0.4471,0.0,0.0,正,否
102900011007044,银耳(朵),102900011032251,螺丝椒(份),0.4852,0.0,0.0,正,否
102900011007044,银耳(朵),102900011035740,蟹味菇与白玉菇双拼(盒),0.4322,0.0,0.0,正,否
102900011007969,红莲藕带,102900051000944,洪湖藕带,0.4757,0.0,0.0,正,是
102900011007969,红莲藕带,106971533450003,海鲜菇(包),0.4904,0.0,0.0,正,是
102900011008164,奶白菜,102900011022764,长线茄,0.4036,0.0,0.0,正,是
102900011008164,奶白菜,102900011034231,奶白菜(份),-0.4418,0.0,0.0,负,否
102900011008522,甜白菜,102900011011546,海鲜菇(袋)(1),0.4595,0.0,0.0,正,否
102900011009246,鲜木耳(1),102900011009970,青梗散花,0.6647,0.0,0.0,正,否
102900011009246,鲜木耳(1),102900011012994,杏鲍菇(袋),0.5502,0.0,0.0,正,否
102900011009246,鲜木耳(1),102900011018095,虫草花(袋),0.6357,0.0,0.0,正,否
102900011009246,鲜木耳(1),102900011022030,组合椒系列,0.487,0.0,0.0,正,否
102900011009246,鲜木耳(1),102900011023464,小青菜(1),-0.4138,0.0,0.0,负,否
102900011009246,鲜木耳(1),102900011031100,小米椒(份),-0.4478,0.0,0.0,负,否
102900011009246,鲜木耳(1),102900051004294,青线椒,0.4273,0.0,0.0,正,否
102900011009246,鲜木耳(1),106930274220092,蟹味菇(袋),0.5457,0.0,0.0,正,否
102900011009246,鲜木耳(1),106949711300068,金针菇(袋)(3),0.631,0.0,0.0,正,否
102900011009246,鲜木耳(1),106958851400125,海鲜菇(袋)(4),0.5028,0.0,0.0,正,否
102900011009444,大龙茄子,102900011009970,青梗散花,0.5398,0.0,0.0,正,否
102900011009444,大龙茄子,102900051004294,青线椒,0.417,0.0,0.0,正,否
102900011009970,青梗散花,102900011011546,海鲜菇(袋)(1),0.5245,0.0,0.0,正,否
102900011009970,青梗散花,102900011012994,杏鲍菇(袋),0.5202,0.0,0.0,正,是
102900011009970,青梗散花,102900011018095,虫草花(袋),0.4679,0.0,0.0,正,否
102900011009970,青梗散花,102900011023464,小青菜(1),-0.4879,0.0,0.0,负,否
102900011009970,青梗散花,102900011030097,云南油麦菜(份),-0.4019,0.0,0.0,负,否
102900011009970,青梗散花,102900011030110,菠菜(份),-0.4241,0.0,0.0,负,否
102900011009970,青梗散花,102900011031100,小米椒(份),-0.5107,0.0,0.0,负,否
102900011009970,青梗散花,102900011032022,小皱皮(份),-0.4201,0.0,0.0,负,否
102900011009970,青梗散花,102900051004294,青线椒,0.5872,0.0,0.0,正,是
102900011009970,青梗散花,106949711300068,金针菇(袋)(3),0.4578,0.0,0.0,正,否
102900011010891,野藕(1),102900011031926,虫草花(份),0.5164,0.0,0.0,正,否
102900011010891,野藕(1),102900011032251,螺丝椒(份),0.5772,0.0,0.0,正,否
102900011010891,野藕(1),102900011032343,七彩椒(2),0.4965,0.0,0.0,正,否
102900011010891,野藕(1),102900011032848,姜蒜小米椒组合装(小份),0.4656,0.0,0.0,正,否
102900011010891,野藕(1),102900011034231,奶白菜(份),0.451,0.0,0.0,正,否
102900011010891,野藕(1),102900011034330,双孢菇(盒),0.6512,0.0,0.0,正,否
102900011010891,野藕(1),102900011034439,青红杭椒组合装(份),0.4116,0.0,0.0,正,否
102900011010891,野藕(1),102900011035078,红椒(2),0.6518,0.0,0.0,正,否
102900011010891,野藕(1),102900011035740,蟹味菇与白玉菇双拼(盒),0.7069,0.0,0.0,正,否
102900011010891,野藕(1),106949711300259,金针菇(盒),0.4303,0.0,0.0,正,否
102900011011546,海鲜菇(袋)(1),102900011012994,杏鲍菇(袋),0.4246,0.0,0.0,正,否
102900011011546,海鲜菇(袋)(1),102900011016701,芜湖青椒(1),-0.4276,0.0,0.0,负,否
102900011011546,海鲜菇(袋)(1),102900051000463,圆茄子(2),0.4001,0.0,0.0,正,否
102900011012994,杏鲍菇(袋),102900011013274,白玉菇(袋),0.4076,0.0,0.0,正,否
102900011012994,杏鲍菇(袋),102900011018095,虫草花(袋),0.6042,0.0,0.0,正,否
102900011012994,杏鲍菇(袋),102900051004294,青线椒,0.4317,0.0,0.0,正,是
102900011012994,杏鲍菇(袋),106949711300068,金针菇(袋)(3),0.4209,0.0,0.0,正,否
102900011013274,白玉菇(袋),102900011018095,虫草花(袋),0.4129,0.0,0.0,正,否
102900011018095,虫草花(袋),106930274220092,蟹味菇(袋),0.5267,0.0,0.0,正,否
102900011018095,虫草花(袋),106949711300068,金针菇(袋)(3),0.5234,0.0,0.0,正,否
102900011021842,洪湖莲藕(粉藕),102900011022849,本地黄心油菜,0.5831,0.0,0.0,正,是
102900011021842,洪湖莲藕(粉藕),102900011030905,鱼腥草(份),0.4658,0.0,0.0,正,否
102900011021842,洪湖莲藕(粉藕),102900011030912,海鲜菇(份),0.4416,0.0,0.0,正,否
102900011021842,洪湖莲藕(粉藕),102900011030929,鲜木耳(份),0.4705,0.0,0.0,正,否
102900011021842,洪湖莲藕(粉藕),102900011032251,螺丝椒(份),0.4921,0.0,0.0,正,否
102900011021842,洪湖莲藕(粉藕),102900011033906,保康高山大白菜,0.5019,0.0,0.0,正,否
102900011021842,洪湖莲藕(粉藕),102900011033944,杏鲍菇(2),0.4475,0.0,0.0,正,否
102900011021842,洪湖莲藕(粉藕),102900011034026,枝江青梗散花,0.5172,0.0,0.0,正,否
102900011021842,洪湖莲藕(粉藕),102900011034224,小青菜(份),0.498,0.0,0.0,正,否
102900011021842,洪湖莲藕(粉藕),102900011034231,奶白菜(份),0.4095,0.0,0.0,正,否
102900011021842,洪湖莲藕(粉藕),102900011035788,西峡香菇(份) ,0.4624,0.0,0.0,正,否
102900011021842,洪湖莲藕(粉藕),106949711300259,金针菇(盒),0.5335,0.0,0.0,正,否
102900011022030,组合椒系列,102900011023464,小青菜(1),-0.4229,0.0,0.0,负,否
102900011022030,组合椒系列,106930274220092,蟹味菇(袋),0.5063,0.0,0.0,正,否
102900011022030,组合椒系列,106949711300068,金针菇(袋)(3),0.6879,0.0,0.0,正,否
102900011022030,组合椒系列,106958851400125,海鲜菇(袋)(4),0.5289,0.0,0.0,正,否
102900011022764,长线茄,102900011023464,小青菜(1),0.4016,0.0,0.0,正,否
102900011022849,本地黄心油菜,102900011030134,菜心(份),0.4893,0.0,0.0,正,是
102900011022849,本地黄心油菜,102900011030141,上海青(份),0.4705,0.0,0.0,正,是
102900011022849,本地黄心油菜,102900011030905,鱼腥草(份),0.5036,0.0,0.0,正,否
102900011022849,本地黄心油菜,102900011030912,海鲜菇(份),0.6282,0.0,0.0,正,否
102900011022849,本地黄心油菜,102900011030929,鲜木耳(份),0.5471,0.0,0.0,正,否
102900011022849,本地黄心油菜,102900011032251,螺丝椒(份),0.4991,0.0,0.0,正,否
102900011022849,本地黄心油菜,102900011033906,保康高山大白菜,0.5694,0.0,0.0,正,否
102900011022849,本地黄心油菜,102900011033920,黄心菜(2),0.5312,0.0,0.0,正,否
102900011022849,本地黄心油菜,102900011033944,杏鲍菇(2),0.4425,0.0,0.0,正,否
102900011022849,本地黄心油菜,102900011034026,枝江青梗散花,0.5922,0.0,0.0,正,否
102900011022849,本地黄心油菜,102900011034224,小青菜(份),0.5918,0.0,0.0,正,否
102900011022849,本地黄心油菜,102900011035511,净藕(3),0.7358,0.0,0.0,正,否
102900011022849,本地黄心油菜,102900011035764,龙牙菜,0.5267,0.0,0.0,正,否
102900011022849,本地黄心油菜,102900011035771,黄白菜(1),0.5551,0.0,0.0,正,否
102900011022849,本地黄心油菜,102900011035788,西峡香菇(份) ,0.556,0.0,0.0,正,否
102900011022849,本地黄心油菜,106949711300259,金针菇(盒),0.6006,0.0,0.0,正,否
102900011023464,小青菜(1),106949711300068,金针菇(袋)(3),-0.4426,0.0,0.0,负,否
102900011029176,辣妹子,106949711300167,金针菇(袋)(2),0.5208,0.0,0.0,正,是
102900011030059,云南生菜(份),102900011030097,云南油麦菜(份),0.9235,0.0,0.0,正,是
102900011030059,云南生菜(份),102900011030110,菠菜(份),0.7679,0.0,0.0,正,是
102900011030059,云南生菜(份),102900011030134,菜心(份),0.5979,0.0,0.0,正,否
102900011030059,云南生菜(份),102900011030141,上海青(份),0.6652,0.0,0.0,正,是
102900011030059,云南生菜(份),102900011030905,鱼腥草(份),0.4662,0.0,0.0,正,否
102900011030059,云南生菜(份),102900011030912,海鲜菇(份),0.5751,0.0,0.0,正,否
102900011030059,云南生菜(份),102900011030929,鲜木耳(份),0.5957,0.0,0.0,正,否
102900011030059,云南生菜(份),102900011031100,小米椒(份),0.7809,0.0,0.0,正,是
102900011030059,云南生菜(份),102900011031582,青尖椒(份),0.5249,0.0,0.0,正,否
102900011030059,云南生菜(份),102900011031926,虫草花(份),0.4939,0.0,0.0,正,否
102900011030059,云南生菜(份),102900011031995,姬菇(份),0.4948,0.0,0.0,正,否
102900011030059,云南生菜(份),102900011032022,小皱皮(份),0.823,0.0,0.0,正,否
102900011030059,云南生菜(份),102900011032213,红杭椒(份),0.4917,0.0,0.0,正,否
102900011030059,云南生菜(份),102900011032237,青线椒(份),0.6025,0.0,0.0,正,否
102900011030059,云南生菜(份),102900011032244,红尖椒(份),0.5139,0.0,0.0,正,否
102900011030059,云南生菜(份),102900011032251,螺丝椒(份),0.6981,0.0,0.0,正,否
102900011030059,云南生菜(份),102900011032343,七彩椒(2),0.5516,0.0,0.0,正,否
102900011030059,云南生菜(份),102900011032367,红灯笼椒(2),0.4605,0.0,0.0,正,否
102900011030059,云南生菜(份),102900011032619,西峡香菇(2),0.4885,0.0,0.0,正,否
102900011030059,云南生菜(份),102900011032732,高瓜(2),0.5869,0.0,0.0,正,否
102900011030059,云南生菜(份),102900011032848,姜蒜小米椒组合装(小份),0.7305,0.0,0.0,正,否
102900011030059,云南生菜(份),102900011033906,保康高山大白菜,0.4614,0.0,0.0,正,否
102900011030059,云南生菜(份),102900011033920,黄心菜(2),0.5954,0.0,0.0,正,否
102900011030059,云南生菜(份),102900011033944,杏鲍菇(2),0.7815,0.0,0.0,正,否
102900011030059,云南生菜(份),102900011034026,枝江青梗散花,0.7942,0.0,0.0,正,否
102900011030059,云南生菜(份),102900011034224,小青菜(份),0.6561,0.0,0.0,正,否
102900011030059,云南生菜(份),102900011034231,奶白菜(份),0.745,0.0,0.0,正,否
102900011030059,云南生菜(份),102900011034330,双孢菇(盒),0.4591,0.0,0.0,正,否
102900011030059,云南生菜(份),102900011034439,青红杭椒组合装(份),0.7074,0.0,0.0,正,否
102900011030059,云南生菜(份),102900011035078,红椒(2),0.6786,0.0,0.0,正,否
102900011030059,云南生菜(份),102900051004294,青线椒,-0.6073,0.0,0.0,负,否
102900011030059,云南生菜(份),106949711300259,金针菇(盒),0.6566,0.0,0.0,正,否
102900011030097,云南油麦菜(份),102900011030110,菠菜(份),0.7552,0.0,0.0,正,是
102900011030097,云南油麦菜(份),102900011030134,菜心(份),0.605,0.0,0.0,正,否
102900011030097,云南油麦菜(份),102900011030141,上海青(份),0.6606,0.0,0.0,正,是
102900011030097,云南油麦菜(份),102900011030912,海鲜菇(份),0.5397,0.0,0.0,正,否
102900011030097,云南油麦菜(份),102900011030929,鲜木耳(份),0.5905,0.0,0.0,正,否
102900011030097,云南油麦菜(份),102900011031100,小米椒(份),0.7936,0.0,0.0,正,是
102900011030097,云南油麦菜(份),102900011031582,青尖椒(份),0.5156,0.0,0.0,正,否
102900011030097,云南油麦菜(份),102900011031926,虫草花(份),0.451,0.0,0.0,正,否
102900011030097,云南油麦菜(份),102900011031995,姬菇(份),0.494,0.0,0.0,正,否
102900011030097,云南油麦菜(份),102900011032022,小皱皮(份),0.8162,0.0,0.0,正,否
102900011030097,云南油麦菜(份),102900011032213,红杭椒(份),0.5024,0.0,0.0,正,否
102900011030097,云南油麦菜(份),102900011032237,青线椒(份),0.5899,0.0,0.0,正,否
102900011030097,云南油麦菜(份),102900011032244,红尖椒(份),0.497,0.0,0.0,正,否
102900011030097,云南油麦菜(份),102900011032251,螺丝椒(份),0.6457,0.0,0.0,正,否
102900011030097,云南油麦菜(份),102900011032343,七彩椒(2),0.5989,0.0,0.0,正,否
102900011030097,云南油麦菜(份),102900011032367,红灯笼椒(2),0.4603,0.0,0.0,正,否
102900011030097,云南油麦菜(份),102900011032619,西峡香菇(2),0.4634,0.0,0.0,正,否
102900011030097,云南油麦菜(份),102900011032732,高瓜(2),0.5796,0.0,0.0,正,否
102900011030097,云南油麦菜(份),102900011032848,姜蒜小米椒组合装(小份),0.7247,0.0,0.0,正,否
102900011030097,云南油麦菜(份),102900011033906,保康高山大白菜,0.4346,0.0,0.0,正,否
102900011030097,云南油麦菜(份),102900011033920,黄心菜(2),0.5876,0.0,0.0,正,否
102900011030097,云南油麦菜(份),102900011033937,金针菇(2),0.4158,0.0,0.0,正,否
102900011030097,云南油麦菜(份),102900011033944,杏鲍菇(2),0.7564,0.0,0.0,正,否
102900011030097,云南油麦菜(份),102900011034026,枝江青梗散花,0.7719,0.0,0.0,正,否
102900011030097,云南油麦菜(份),102900011034224,小青菜(份),0.6311,0.0,0.0,正,否
102900011030097,云南油麦菜(份),102900011034231,奶白菜(份),0.6964,0.0,0.0,正,否
102900011030097,云南油麦菜(份),102900011034330,双孢菇(盒),0.4548,0.0,0.0,正,否
102900011030097,云南油麦菜(份),102900011034439,青红杭椒组合装(份),0.6793,0.0,0.0,正,否
102900011030097,云南油麦菜(份),102900011035078,红椒(2),0.6392,0.0,0.0,正,否
102900011030097,云南油麦菜(份),102900051004294,青线椒,-0.613,0.0,0.0,负,否
102900011030097,云南油麦菜(份),106949711300259,金针菇(盒),0.6172,0.0,0.0,正,否
102900011030110,菠菜(份),102900011030134,菜心(份),0.4122,0.0,0.0,正,否
102900011030110,菠菜(份),102900011030141,上海青(份),0.4771,0.0,0.0,正,否
102900011030110,菠菜(份),102900011031100,小米椒(份),0.7399,0.0,0.0,正,是
102900011030110,菠菜(份),102900011031582,青尖椒(份),0.426,0.0,0.0,正,否
102900011030110,菠菜(份),102900011031926,虫草花(份),0.4875,0.0,0.0,正,否
102900011030110,菠菜(份),102900011032022,小皱皮(份),0.6769,0.0,0.0,正,否
102900011030110,菠菜(份),102900011032237,青线椒(份),0.4697,0.0,0.0,正,否
102900011030110,菠菜(份),102900011032244,红尖椒(份),0.4306,0.0,0.0,正,否
102900011030110,菠菜(份),102900011032251,螺丝椒(份),0.6189,0.0,0.0,正,否
102900011030110,菠菜(份),102900011032343,七彩椒(2),0.5664,0.0,0.0,正,否
102900011030110,菠菜(份),102900011032732,高瓜(2),0.4027,0.0,0.0,正,否
102900011030110,菠菜(份),102900011032848,姜蒜小米椒组合装(小份),0.6912,0.0,0.0,正,否
102900011030110,菠菜(份),102900011033944,杏鲍菇(2),0.6117,0.0,0.0,正,否
102900011030110,菠菜(份),102900011034026,枝江青梗散花,0.5477,0.0,0.0,正,否
102900011030110,菠菜(份),102900011034231,奶白菜(份),0.6588,0.0,0.0,正,否
102900011030110,菠菜(份),102900011034330,双孢菇(盒),0.4149,0.0,0.0,正,否
102900011030110,菠菜(份),102900011034439,青红杭椒组合装(份),0.5899,0.0,0.0,正,否
102900011030110,菠菜(份),102900011035078,红椒(2),0.6994,0.0,0.0,正,否
102900011030110,菠菜(份),102900011035740,蟹味菇与白玉菇双拼(盒),0.4214,0.0,0.0,正,否
102900011030110,菠菜(份),102900051004294,青线椒,-0.5847,0.0,0.0,负,否
102900011030110,菠菜(份),106949711300068,金针菇(袋)(3),-0.4611,0.0,0.0,负,否
102900011030110,菠菜(份),106949711300259,金针菇(盒),0.5651,0.0,0.0,正,否
102900011030110,菠菜(份),106958851400125,海鲜菇(袋)(4),-0.4094,0.0,0.0,负,否
102900011030134,菜心(份),102900011030141,上海青(份),0.8672,0.0,0.0,正,是
102900011030134,菜心(份),102900011030912,海鲜菇(份),0.6451,0.0,0.0,正,否
102900011030134,菜心(份),102900011030929,鲜木耳(份),0.6029,0.0,0.0,正,否
102900011030134,菜心(份),102900011031100,小米椒(份),0.5437,0.0,0.0,正,否
102900011030134,菜心(份),102900011031582,青尖椒(份),0.6155,0.0,0.0,正,否
102900011030134,菜心(份),102900011031995,姬菇(份),0.4876,0.0,0.0,正,否
102900011030134,菜心(份),102900011032022,小皱皮(份),0.581,0.0,0.0,正,否
102900011030134,菜心(份),102900011032213,红杭椒(份),0.5922,0.0,0.0,正,否
102900011030134,菜心(份),102900011032237,青线椒(份),0.4562,0.0,0.0,正,否
102900011030134,菜心(份),102900011032244,红尖椒(份),0.5831,0.0,0.0,正,否
102900011030134,菜心(份),102900011032367,红灯笼椒(2),0.517,0.0,0.0,正,否
102900011030134,菜心(份),102900011032619,西峡香菇(2),0.4082,0.0,0.0,正,否
102900011030134,菜心(份),102900011032732,高瓜(2),0.5781,0.0,0.0,正,否
102900011030134,菜心(份),102900011033906,保康高山大白菜,0.567,0.0,0.0,正,否
102900011030134,菜心(份),102900011033920,黄心菜(2),0.5898,0.0,0.0,正,否
102900011030134,菜心(份),102900011033944,杏鲍菇(2),0.5131,0.0,0.0,正,否
102900011030134,菜心(份),102900011034026,枝江青梗散花,0.6599,0.0,0.0,正,否
102900011030134,菜心(份),102900011034224,小青菜(份),0.7547,0.0,0.0,正,否
102900011030134,菜心(份),102900011035511,净藕(3),0.4138,0.0,0.0,正,否
102900011030134,菜心(份),106949711300259,金针菇(盒),0.4223,0.0,0.0,正,否
102900011030141,上海青(份),102900011030912,海鲜菇(份),0.6841,0.0,0.0,正,否
102900011030141,上海青(份),102900011030929,鲜木耳(份),0.6585,0.0,0.0,正,否
102900011030141,上海青(份),102900011031100,小米椒(份),0.5946,0.0,0.0,正,否
102900011030141,上海青(份),102900011031582,青尖椒(份),0.691,0.0,0.0,正,否
102900011030141,上海青(份),102900011031995,姬菇(份),0.5732,0.0,0.0,正,否
102900011030141,上海青(份),102900011032022,小皱皮(份),0.6431,0.0,0.0,正,否
102900011030141,上海青(份),102900011032213,红杭椒(份),0.6518,0.0,0.0,正,否
102900011030141,上海青(份),102900011032237,青线椒(份),0.4813,0.0,0.0,正,否
102900011030141,上海青(份),102900011032244,红尖椒(份),0.6382,0.0,0.0,正,否
102900011030141,上海青(份),102900011032367,红灯笼椒(2),0.5951,0.0,0.0,正,否
102900011030141,上海青(份),102900011032619,西峡香菇(2),0.483,0.0,0.0,正,否
102900011030141,上海青(份),102900011032732,高瓜(2),0.6154,0.0,0.0,正,否
102900011030141,上海青(份),102900011033906,保康高山大白菜,0.5812,0.0,0.0,正,否
102900011030141,上海青(份),102900011033920,黄心菜(2),0.6352,0.0,0.0,正,否
102900011030141,上海青(份),102900011033937,金针菇(2),0.4544,0.0,0.0,正,否
102900011030141,上海青(份),102900011033944,杏鲍菇(2),0.5626,0.0,0.0,正,否
102900011030141,上海青(份),102900011034026,枝江青梗散花,0.6966,0.0,0.0,正,否
102900011030141,上海青(份),102900011034224,小青菜(份),0.777,0.0,0.0,正,否
102900011030141,上海青(份),102900011034231,奶白菜(份),0.4742,0.0,0.0,正,否
102900011030141,上海青(份),102900011034439,青红杭椒组合装(份),0.4212,0.0,0.0,正,否
102900011030141,上海青(份),102900051004294,青线椒,-0.4208,0.0,0.0,负,否
102900011030141,上海青(份),106949711300259,金针菇(盒),0.4346,0.0,0.0,正,否
102900011030905,鱼腥草(份),102900011030929,鲜木耳(份),0.4948,0.0,0.0,正,否
102900011030905,鱼腥草(份),102900011031100,小米椒(份),0.4341,0.0,0.0,正,否
102900011030905,鱼腥草(份),102900011031926,虫草花(份),0.4895,0.0,0.0,正,否
102900011030905,鱼腥草(份),102900011032022,小皱皮(份),0.4091,0.0,0.0,正,否
102900011030905,鱼腥草(份),102900011032237,青线椒(份),0.4937,0.0,0.0,正,否
102900011030905,鱼腥草(份),102900011032244,红尖椒(份),0.4738,0.0,0.0,正,否
102900011030905,鱼腥草(份),102900011032251,螺丝椒(份),0.5918,0.0,0.0,正,否
102900011030905,鱼腥草(份),102900011032367,红灯笼椒(2),0.4261,0.0,0.0,正,否
102900011030905,鱼腥草(份),102900011033906,保康高山大白菜,0.4473,0.0,0.0,正,否
102900011030905,鱼腥草(份),102900011033944,杏鲍菇(2),0.6085,0.0,0.0,正,否
102900011030905,鱼腥草(份),102900011034026,枝江青梗散花,0.5631,0.0,0.0,正,否
102900011030905,鱼腥草(份),102900011034224,小青菜(份),0.5582,0.0,0.0,正,否
102900011030905,鱼腥草(份),102900011034231,奶白菜(份),0.5287,0.0,0.0,正,否
102900011030905,鱼腥草(份),102900011034439,青红杭椒组合装(份),0.4595,0.0,0.0,正,否
102900011030905,鱼腥草(份),102900011035078,红椒(2),0.4812,0.0,0.0,正,否
102900011030905,鱼腥草(份),102900011035511,净藕(3),0.4279,0.0,0.0,正,否
102900011030905,鱼腥草(份),102900011035788,西峡香菇(份) ,0.4696,0.0,0.0,正,否
102900011030905,鱼腥草(份),106949711300259,金针菇(盒),0.5064,0.0,0.0,正,否
102900011030912,海鲜菇(份),102900011030929,鲜木耳(份),0.7256,0.0,0.0,正,否
102900011030912,海鲜菇(份),102900011031100,小米椒(份),0.4937,0.0,0.0,正,否
102900011030912,海鲜菇(份),102900011031582,青尖椒(份),0.6034,0.0,0.0,正,否
102900011030912,海鲜菇(份),102900011031995,姬菇(份),0.6331,0.0,0.0,正,否
102900011030912,海鲜菇(份),102900011032022,小皱皮(份),0.5878,0.0,0.0,正,否
102900011030912,海鲜菇(份),102900011032213,红杭椒(份),0.6127,0.0,0.0,正,否
102900011030912,海鲜菇(份),102900011032244,红尖椒(份),0.5477,0.0,0.0,正,否
102900011030912,海鲜菇(份),102900011032251,螺丝椒(份),0.4494,0.0,0.0,正,否
102900011030912,海鲜菇(份),102900011032619,西峡香菇(2),0.4179,0.0,0.0,正,否
102900011030912,海鲜菇(份),102900011032732,高瓜(2),0.567,0.0,0.0,正,否
102900011030912,海鲜菇(份),102900011032848,姜蒜小米椒组合装(小份),0.4263,0.0,0.0,正,否
102900011030912,海鲜菇(份),102900011033906,保康高山大白菜,0.6675,0.0,0.0,正,否
102900011030912,海鲜菇(份),102900011033920,黄心菜(2),0.8125,0.0,0.0,正,否
102900011030912,海鲜菇(份),102900011033937,金针菇(2),0.4586,0.0,0.0,正,否
102900011030912,海鲜菇(份),102900011033944,杏鲍菇(2),0.555,0.0,0.0,正,否
102900011030912,海鲜菇(份),102900011034026,枝江青梗散花,0.7454,0.0,0.0,正,否
102900011030912,海鲜菇(份),102900011034224,小青菜(份),0.7056,0.0,0.0,正,否
102900011030912,海鲜菇(份),102900011034231,奶白菜(份),0.4799,0.0,0.0,正,否
102900011030912,海鲜菇(份),102900011035764,龙牙菜,0.4152,0.0,0.0,正,否
102900011030912,海鲜菇(份),102900011035771,黄白菜(1),0.4606,0.0,0.0,正,否
102900011030912,海鲜菇(份),102900011035788,西峡香菇(份) ,0.4589,0.0,0.0,正,否
102900011030912,海鲜菇(份),102900051004294,青线椒,-0.4284,0.0,0.0,负,否
102900011030912,海鲜菇(份),106949711300259,金针菇(盒),0.5498,0.0,0.0,正,否
102900011030929,鲜木耳(份),102900011031100,小米椒(份),0.5549,0.0,0.0,正,否
102900011030929,鲜木耳(份),102900011031582,青尖椒(份),0.5587,0.0,0.0,正,否
102900011030929,鲜木耳(份),102900011031995,姬菇(份),0.5899,0.0,0.0,正,否
102900011030929,鲜木耳(份),102900011032022,小皱皮(份),0.601,0.0,0.0,正,否
102900011030929,鲜木耳(份),102900011032213,红杭椒(份),0.6196,0.0,0.0,正,否
102900011030929,鲜木耳(份),102900011032237,青线椒(份),0.5018,0.0,0.0,正,否
102900011030929,鲜木耳(份),102900011032244,红尖椒(份),0.6436,0.0,0.0,正,否
102900011030929,鲜木耳(份),102900011032251,螺丝椒(份),0.4732,0.0,0.0,正,否
102900011030929,鲜木耳(份),102900011032367,红灯笼椒(2),0.5649,0.0,0.0,正,否
102900011030929,鲜木耳(份),102900011032619,西峡香菇(2),0.4013,0.0,0.0,正,否
102900011030929,鲜木耳(份),102900011032732,高瓜(2),0.5568,0.0,0.0,正,否
102900011030929,鲜木耳(份),102900011033906,保康高山大白菜,0.6995,0.0,0.0,正,否
102900011030929,鲜木耳(份),102900011033920,黄心菜(2),0.7153,0.0,0.0,正,否
102900011030929,鲜木耳(份),102900011033937,金针菇(2),0.4105,0.0,0.0,正,否
102900011030929,鲜木耳(份),102900011033944,杏鲍菇(2),0.628,0.0,0.0,正,否
102900011030929,鲜木耳(份),102900011034026,枝江青梗散花,0.7597,0.0,0.0,正,否
102900011030929,鲜木耳(份),102900011034224,小青菜(份),0.784,0.0,0.0,正,否
102900011030929,鲜木耳(份),102900011034231,奶白菜(份),0.4533,0.0,0.0,正,否
102900011030929,鲜木耳(份),102900011034439,青红杭椒组合装(份),0.4583,0.0,0.0,正,否
102900011030929,鲜木耳(份),102900011035511,净藕(3),0.4358,0.0,0.0,正,否
102900011030929,鲜木耳(份),102900011035764,龙牙菜,0.4061,0.0,0.0,正,否
102900011030929,鲜木耳(份),102900011035771,黄白菜(1),0.4032,0.0,0.0,正,否
102900011030929,鲜木耳(份),102900011035788,西峡香菇(份) ,0.4818,0.0,0.0,正,否
102900011030929,鲜木耳(份),102900051004294,青线椒,-0.4136,0.0,0.0,负,否
102900011030929,鲜木耳(份),106949711300259,金针菇(盒),0.6061,0.0,0.0,正,否
102900011031100,小米椒(份),102900011031582,青尖椒(份),0.4408,0.0,0.0,正,否
102900011031100,小米椒(份),102900011031926,虫草花(份),0.6038,0.0,0.0,正,否
102900011031100,小米椒(份),102900011032022,小皱皮(份),0.8377,0.0,0.0,正,否
102900011031100,小米椒(份),102900011032213,红杭椒(份),0.4247,0.0,0.0,正,否
102900011031100,小米椒(份),102900011032237,青线椒(份),0.5971,0.0,0.0,正,否
102900011031100,小米椒(份),102900011032244,红尖椒(份),0.5688,0.0,0.0,正,否
102900011031100,小米椒(份),102900011032251,螺丝椒(份),0.7481,0.0,0.0,正,否
102900011031100,小米椒(份),102900011032343,七彩椒(2),0.5562,0.0,0.0,正,否
102900011031100,小米椒(份),102900011032367,红灯笼椒(2),0.4359,0.0,0.0,正,否
102900011031100,小米椒(份),102900011032732,高瓜(2),0.4416,0.0,0.0,正,否
102900011031100,小米椒(份),102900011032848,姜蒜小米椒组合装(小份),0.7199,0.0,0.0,正,否
102900011031100,小米椒(份),102900011033906,保康高山大白菜,0.5429,0.0,0.0,正,否
102900011031100,小米椒(份),102900011033920,黄心菜(2),0.5219,0.0,0.0,正,否
102900011031100,小米椒(份),102900011033944,杏鲍菇(2),0.6907,0.0,0.0,正,否
102900011031100,小米椒(份),102900011034026,枝江青梗散花,0.6964,0.0,0.0,正,否
102900011031100,小米椒(份),102900011034224,小青菜(份),0.5155,0.0,0.0,正,否
102900011031100,小米椒(份),102900011034231,奶白菜(份),0.6083,0.0,0.0,正,否
102900011031100,小米椒(份),102900011034330,双孢菇(盒),0.5594,0.0,0.0,正,否
102900011031100,小米椒(份),102900011034439,青红杭椒组合装(份),0.5971,0.0,0.0,正,否
102900011031100,小米椒(份),102900011035078,红椒(2),0.66,0.0,0.0,正,否
102900011031100,小米椒(份),102900011035740,蟹味菇与白玉菇双拼(盒),0.4061,0.0,0.0,正,否
102900011031100,小米椒(份),102900051004294,青线椒,-0.6154,0.0,0.0,负,否
102900011031100,小米椒(份),106949711300068,金针菇(袋)(3),-0.4848,0.0,0.0,负,否
102900011031100,小米椒(份),106949711300259,金针菇(盒),0.7543,0.0,0.0,正,否
102900011031100,小米椒(份),106958851400125,海鲜菇(袋)(4),-0.4685,0.0,0.0,负,否
102900011031582,青尖椒(份),102900011031995,姬菇(份),0.6251,0.0,0.0,正,否
102900011031582,青尖椒(份),102900011032022,小皱皮(份),0.5109,0.0,0.0,正,否
102900011031582,青尖椒(份),102900011032206,青杭椒(份),0.4783,0.0,0.0,正,否
102900011031582,青尖椒(份),102900011032213,红杭椒(份),0.7484,0.0,0.0,正,否
102900011031582,青尖椒(份),102900011032237,青线椒(份),0.4264,0.0,0.0,正,否
102900011031582,青尖椒(份),102900011032244,红尖椒(份),0.6352,0.0,0.0,正,否
102900011031582,青尖椒(份),102900011032367,红灯笼椒(2),0.5853,0.0,0.0,正,否
102900011031582,青尖椒(份),102900011032619,西峡香菇(2),0.4963,0.0,0.0,正,否
102900011031582,青尖椒(份),102900011032732,高瓜(2),0.6179,0.0,0.0,正,否
102900011031582,青尖椒(份),102900011032787,竹叶菜(份),0.4452,0.0,0.0,正,否
102900011031582,青尖椒(份),102900011033920,黄心菜(2),0.6228,0.0,0.0,正,否
102900011031582,青尖椒(份),102900011033937,金针菇(2),0.5422,0.0,0.0,正,否
102900011031582,青尖椒(份),102900011033944,杏鲍菇(2),0.4767,0.0,0.0,正,否
102900011031582,青尖椒(份),102900011034026,枝江青梗散花,0.5728,0.0,0.0,正,否
102900011031582,青尖椒(份),102900011034224,小青菜(份),0.5834,0.0,0.0,正,否
102900011031582,青尖椒(份),102900011034231,奶白菜(份),0.4349,0.0,0.0,正,否
102900011031582,青尖椒(份),102900011034439,青红杭椒组合装(份),0.4064,0.0,0.0,正,否
102900011031582,青尖椒(份),102900051004294,青线椒,-0.4086,0.0,0.0,负,否
102900011031926,虫草花(份),102900011032022,小皱皮(份),0.5142,0.0,0.0,正,否
102900011031926,虫草花(份),102900011032251,螺丝椒(份),0.7214,0.0,0.0,正,否
102900011031926,虫草花(份),102900011032343,七彩椒(2),0.4088,0.0,0.0,正,否
102900011031926,虫草花(份),102900011032848,姜蒜小米椒组合装(小份),0.5247,0.0,0.0,正,否
102900011031926,虫草花(份),102900011033906,保康高山大白菜,0.4476,0.0,0.0,正,否
102900011031926,虫草花(份),102900011033944,杏鲍菇(2),0.554,0.0,0.0,正,否
102900011031926,虫草花(份),102900011034026,枝江青梗散花,0.4418,0.0,0.0,正,否
102900011031926,虫草花(份),102900011034231,奶白菜(份),0.4866,0.0,0.0,正,否
102900011031926,虫草花(份),102900011034330,双孢菇(盒),0.5697,0.0,0.0,正,否
102900011031926,虫草花(份),102900011034439,青红杭椒组合装(份),0.4577,0.0,0.0,正,否
102900011031926,虫草花(份),102900011035078,红椒(2),0.6454,0.0,0.0,正,否
102900011031926,虫草花(份),102900011035740,蟹味菇与白玉菇双拼(盒),0.4872,0.0,0.0,正,否
102900011031926,虫草花(份),102900011035764,龙牙菜,0.5179,0.0,0.0,正,否
102900011031926,虫草花(份),102900011035771,黄白菜(1),0.4447,0.0,0.0,正,否
102900011031926,虫草花(份),102900011035788,西峡香菇(份) ,0.4561,0.0,0.0,正,否
102900011031926,虫草花(份),106949711300259,金针菇(盒),0.7429,0.0,0.0,正,否
102900011031995,姬菇(份),102900011032022,小皱皮(份),0.4646,0.0,0.0,正,否
102900011031995,姬菇(份),102900011032213,红杭椒(份),0.6086,0.0,0.0,正,否
102900011031995,姬菇(份),102900011032237,青线椒(份),0.4149,0.0,0.0,正,否
102900011031995,姬菇(份),102900011032244,红尖椒(份),0.4826,0.0,0.0,正,否
102900011031995,姬菇(份),102900011032367,红灯笼椒(2),0.5217,0.0,0.0,正,否
102900011031995,姬菇(份),102900011032619,西峡香菇(2),0.4832,0.0,0.0,正,否
102900011031995,姬菇(份),102900011032732,高瓜(2),0.4944,0.0,0.0,正,否
102900011031995,姬菇(份),102900011033920,黄心菜(2),0.6207,0.0,0.0,正,否
102900011031995,姬菇(份),102900011033937,金针菇(2),0.549,0.0,0.0,正,否
102900011031995,姬菇(份),102900011033944,杏鲍菇(2),0.4659,0.0,0.0,正,否
102900011031995,姬菇(份),102900011034026,枝江青梗散花,0.5415,0.0,0.0,正,否
102900011031995,姬菇(份),102900011034224,小青菜(份),0.5901,0.0,0.0,正,否
102900011031995,姬菇(份),102900011034439,青红杭椒组合装(份),0.4067,0.0,0.0,正,否
102900011032022,小皱皮(份),102900011032213,红杭椒(份),0.5171,0.0,0.0,正,否
102900011032022,小皱皮(份),102900011032237,青线椒(份),0.6547,0.0,0.0,正,否
102900011032022,小皱皮(份),102900011032244,红尖椒(份),0.6033,0.0,0.0,正,否
102900011032022,小皱皮(份),102900011032251,螺丝椒(份),0.6947,0.0,0.0,正,否
102900011032022,小皱皮(份),102900011032343,七彩椒(2),0.5606,0.0,0.0,正,否
102900011032022,小皱皮(份),102900011032367,红灯笼椒(2),0.5135,0.0,0.0,正,否
102900011032022,小皱皮(份),102900011032732,高瓜(2),0.5817,0.0,0.0,正,否
102900011032022,小皱皮(份),102900011032848,姜蒜小米椒组合装(小份),0.692,0.0,0.0,正,否
102900011032022,小皱皮(份),102900011033906,保康高山大白菜,0.5548,0.0,0.0,正,否
102900011032022,小皱皮(份),102900011033920,黄心菜(2),0.6151,0.0,0.0,正,否
102900011032022,小皱皮(份),102900011033944,杏鲍菇(2),0.7394,0.0,0.0,正,否
102900011032022,小皱皮(份),102900011034026,枝江青梗散花,0.7419,0.0,0.0,正,否
102900011032022,小皱皮(份),102900011034224,小青菜(份),0.6256,0.0,0.0,正,否
102900011032022,小皱皮(份),102900011034231,奶白菜(份),0.6486,0.0,0.0,正,否
102900011032022,小皱皮(份),102900011034330,双孢菇(盒),0.4959,0.0,0.0,正,否
102900011032022,小皱皮(份),102900011034439,青红杭椒组合装(份),0.6727,0.0,0.0,正,否
102900011032022,小皱皮(份),102900011035078,红椒(2),0.6189,0.0,0.0,正,否
102900011032022,小皱皮(份),102900051004294,青线椒,-0.6088,0.0,0.0,负,否
102900011032022,小皱皮(份),106949711300259,金针菇(盒),0.6677,0.0,0.0,正,否
102900011032022,小皱皮(份),106958851400125,海鲜菇(袋)(4),-0.431,0.0,0.0,负,否
102900011032206,青杭椒(份),102900011032213,红杭椒(份),0.4558,0.0,0.0,正,否
102900011032206,青杭椒(份),102900011032220,水果辣椒(份),0.4723,0.0,0.0,正,否
102900011032206,青杭椒(份),102900011032367,红灯笼椒(2),0.4106,0.0,0.0,正,否
102900011032206,青杭椒(份),102900011032787,竹叶菜(份),0.467,0.0,0.0,正,否
102900011032213,红杭椒(份),102900011032237,青线椒(份),0.4623,0.0,0.0,正,否
102900011032213,红杭椒(份),102900011032244,红尖椒(份),0.5954,0.0,0.0,正,否
102900011032213,红杭椒(份),102900011032367,红灯笼椒(2),0.5637,0.0,0.0,正,否
102900011032213,红杭椒(份),102900011032619,西峡香菇(2),0.4174,0.0,0.0,正,否
102900011032213,红杭椒(份),102900011032732,高瓜(2),0.6239,0.0,0.0,正,否
102900011032213,红杭椒(份),102900011032787,竹叶菜(份),0.4139,0.0,0.0,正,否
102900011032213,红杭椒(份),102900011033906,保康高山大白菜,0.4651,0.0,0.0,正,否
102900011032213,红杭椒(份),102900011033920,黄心菜(2),0.6742,0.0,0.0,正,否
102900011032213,红杭椒(份),102900011033937,金针菇(2),0.6038,0.0,0.0,正,否
102900011032213,红杭椒(份),102900011033944,杏鲍菇(2),0.4745,0.0,0.0,正,否
102900011032213,红杭椒(份),102900011034026,枝江青梗散花,0.6219,0.0,0.0,正,否
102900011032213,红杭椒(份),102900011034224,小青菜(份),0.6152,0.0,0.0,正,否
102900011032213,红杭椒(份),102900051004294,青线椒,-0.4125,0.0,0.0,负,否
102900011032220,水果辣椒(份),102900011032787,竹叶菜(份),0.4234,0.0,0.0,正,否
102900011032237,青线椒(份),102900011032244,红尖椒(份),0.5816,0.0,0.0,正,否
102900011032237,青线椒(份),102900011032251,螺丝椒(份),0.6139,0.0,0.0,正,否
102900011032237,青线椒(份),102900011032343,七彩椒(2),0.4408,0.0,0.0,正,否
102900011032237,青线椒(份),102900011032367,红灯笼椒(2),0.5364,0.0,0.0,正,否
102900011032237,青线椒(份),102900011032732,高瓜(2),0.4182,0.0,0.0,正,否
102900011032237,青线椒(份),102900011033906,保康高山大白菜,0.4818,0.0,0.0,正,否
102900011032237,青线椒(份),102900011033920,黄心菜(2),0.4091,0.0,0.0,正,否
102900011032237,青线椒(份),102900011033944,杏鲍菇(2),0.6667,0.0,0.0,正,否
102900011032237,青线椒(份),102900011034026,枝江青梗散花,0.6307,0.0,0.0,正,否
102900011032237,青线椒(份),102900011034224,小青菜(份),0.538,0.0,0.0,正,否
102900011032237,青线椒(份),102900011034231,奶白菜(份),0.6195,0.0,0.0,正,否
102900011032237,青线椒(份),102900011034330,双孢菇(盒),0.5227,0.0,0.0,正,否
102900011032237,青线椒(份),102900011034439,青红杭椒组合装(份),0.6463,0.0,0.0,正,否
102900011032237,青线椒(份),102900011035078,红椒(2),0.5359,0.0,0.0,正,否
102900011032237,青线椒(份),102900051004294,青线椒,-0.4809,0.0,0.0,负,否
102900011032237,青线椒(份),106949711300259,金针菇(盒),0.4626,0.0,0.0,正,否
102900011032244,红尖椒(份),102900011032251,螺丝椒(份),0.4884,0.0,0.0,正,否
102900011032244,红尖椒(份),102900011032367,红灯笼椒(2),0.6318,0.0,0.0,正,否
102900011032244,红尖椒(份),102900011032732,高瓜(2),0.5541,0.0,0.0,正,否
102900011032244,红尖椒(份),102900011033906,保康高山大白菜,0.5728,0.0,0.0,正,否
102900011032244,红尖椒(份),102900011033920,黄心菜(2),0.5408,0.0,0.0,正,否
102900011032244,红尖椒(份),102900011033944,杏鲍菇(2),0.5881,0.0,0.0,正,否
102900011032244,红尖椒(份),102900011034026,枝江青梗散花,0.6315,0.0,0.0,正,否
102900011032244,红尖椒(份),102900011034224,小青菜(份),0.6508,0.0,0.0,正,否
102900011032244,红尖椒(份),102900011034231,奶白菜(份),0.4441,0.0,0.0,正,否
102900011032244,红尖椒(份),102900011034439,青红杭椒组合装(份),0.5055,0.0,0.0,正,否
102900011032244,红尖椒(份),102900051004294,青线椒,-0.4235,0.0,0.0,负,否
102900011032244,红尖椒(份),106949711300259,金针菇(盒),0.4638,0.0,0.0,正,否
102900011032251,螺丝椒(份),102900011032343,七彩椒(2),0.4833,0.0,0.0,正,否
102900011032251,螺丝椒(份),102900011032848,姜蒜小米椒组合装(小份),0.6798,0.0,0.0,正,否
102900011032251,螺丝椒(份),102900011033906,保康高山大白菜,0.5484,0.0,0.0,正,否
102900011032251,螺丝椒(份),102900011033944,杏鲍菇(2),0.79,0.0,0.0,正,否
102900011032251,螺丝椒(份),102900011034026,枝江青梗散花,0.7164,0.0,0.0,正,否
102900011032251,螺丝椒(份),102900011034224,小青菜(份),0.4923,0.0,0.0,正,否
102900011032251,螺丝椒(份),102900011034231,奶白菜(份),0.7901,0.0,0.0,正,否
102900011032251,螺丝椒(份),102900011034330,双孢菇(盒),0.6228,0.0,0.0,正,否
102900011032251,螺丝椒(份),102900011034439,青红杭椒组合装(份),0.6693,0.0,0.0,正,否
102900011032251,螺丝椒(份),102900011035078,红椒(2),0.8148,0.0,0.0,正,否
102900011032251,螺丝椒(份),102900011035740,蟹味菇与白玉菇双拼(盒),0.5228,0.0,0.0,正,否
102900011032251,螺丝椒(份),102900011035788,西峡香菇(份) ,0.426,0.0,0.0,正,否
102900011032251,螺丝椒(份),102900051004294,青线椒,-0.5593,0.0,0.0,负,否
102900011032251,螺丝椒(份),106949711300259,金针菇(盒),0.7903,0.0,0.0,正,否
102900011032343,七彩椒(2),102900011032848,姜蒜小米椒组合装(小份),0.5968,0.0,0.0,正,否
102900011032343,七彩椒(2),102900011033944,杏鲍菇(2),0.4678,0.0,0.0,正,否
102900011032343,七彩椒(2),102900011034231,奶白菜(份),0.4393,0.0,0.0,正,否
102900011032343,七彩椒(2),102900011034330,双孢菇(盒),0.5853,0.0,0.0,正,否
102900011032343,七彩椒(2),102900011034439,青红杭椒组合装(份),0.547,0.0,0.0,正,否
102900011032343,七彩椒(2),102900011035078,红椒(2),0.6734,0.0,0.0,正,否
102900011032343,七彩椒(2),102900011035740,蟹味菇与白玉菇双拼(盒),0.6132,0.0,0.0,正,否
102900011032343,七彩椒(2),102900051004294,青线椒,-0.4546,0.0,0.0,负,否
102900011032367,红灯笼椒(2),102900011032619,西峡香菇(2),0.4471,0.0,0.0,正,否
102900011032367,红灯笼椒(2),102900011032732,高瓜(2),0.499,0.0,0.0,正,否
102900011032367,红灯笼椒(2),102900011033906,保康高山大白菜,0.4301,0.0,0.0,正,否
102900011032367,红灯笼椒(2),102900011033920,黄心菜(2),0.4016,0.0,0.0,正,否
102900011032367,红灯笼椒(2),102900011033944,杏鲍菇(2),0.5032,0.0,0.0,正,否
102900011032367,红灯笼椒(2),102900011034026,枝江青梗散花,0.5075,0.0,0.0,正,否
102900011032367,红灯笼椒(2),102900011034224,小青菜(份),0.5896,0.0,0.0,正,否
102900011032367,红灯笼椒(2),102900011034439,青红杭椒组合装(份),0.4731,0.0,0.0,正,否
102900011032619,西峡香菇(2),102900011032732,高瓜(2),0.4461,0.0,0.0,正,否
102900011032619,西峡香菇(2),102900011033920,黄心菜(2),0.4017,0.0,0.0,正,否
102900011032619,西峡香菇(2),102900011033944,杏鲍菇(2),0.4334,0.0,0.0,正,否
102900011032619,西峡香菇(2),102900011034026,枝江青梗散花,0.4409,0.0,0.0,正,否
102900011032619,西峡香菇(2),102900011034224,小青菜(份),0.5098,0.0,0.0,正,否
102900011032732,高瓜(2),102900011033906,保康高山大白菜,0.4419,0.0,0.0,正,否
102900011032732,高瓜(2),102900011033920,黄心菜(2),0.5893,0.0,0.0,正,否
102900011032732,高瓜(2),102900011033937,金针菇(2),0.4551,0.0,0.0,正,否
102900011032732,高瓜(2),102900011033944,杏鲍菇(2),0.5345,0.0,0.0,正,否
102900011032732,高瓜(2),102900011034026,枝江青梗散花,0.6197,0.0,0.0,正,否
102900011032732,高瓜(2),102900011034224,小青菜(份),0.6231,0.0,0.0,正,否
102900011032732,高瓜(2),102900011034439,青红杭椒组合装(份),0.4363,0.0,0.0,正,否
102900011032848,姜蒜小米椒组合装(小份),102900011033920,黄心菜(2),0.4873,0.0,0.0,正,否
102900011032848,姜蒜小米椒组合装(小份),102900011033944,杏鲍菇(2),0.5733,0.0,0.0,正,否
102900011032848,姜蒜小米椒组合装(小份),102900011034026,枝江青梗散花,0.5876,0.0,0.0,正,否
102900011032848,姜蒜小米椒组合装(小份),102900011034231,奶白菜(份),0.5542,0.0,0.0,正,否
102900011032848,姜蒜小米椒组合装(小份),102900011034330,双孢菇(盒),0.526,0.0,0.0,正,否
102900011032848,姜蒜小米椒组合装(小份),102900011034439,青红杭椒组合装(份),0.508,0.0,0.0,正,否
102900011032848,姜蒜小米椒组合装(小份),102900011035078,红椒(2),0.7057,0.0,0.0,正,否
102900011032848,姜蒜小米椒组合装(小份),102900011035740,蟹味菇与白玉菇双拼(盒),0.4485,0.0,0.0,正,否
102900011032848,姜蒜小米椒组合装(小份),102900051004294,青线椒,-0.6057,0.0,0.0,负,否
102900011032848,姜蒜小米椒组合装(小份),106949711300259,金针菇(盒),0.6792,0.0,0.0,正,否
102900011032848,姜蒜小米椒组合装(小份),106971533450003,海鲜菇(包),0.4677,0.0,0.0,正,否
102900011033906,保康高山大白菜,102900011033920,黄心菜(2),0.6246,0.0,0.0,正,否
102900011033906,保康高山大白菜,102900011033944,杏鲍菇(2),0.5789,0.0,0.0,正,否
102900011033906,保康高山大白菜,102900011034026,枝江青梗散花,0.7152,0.0,0.0,正,否
102900011033906,保康高山大白菜,102900011034224,小青菜(份),0.7136,0.0,0.0,正,否
102900011033906,保康高山大白菜,102900011035764,龙牙菜,0.5124,0.0,0.0,正,否
102900011033906,保康高山大白菜,102900011035771,黄白菜(1),0.4588,0.0,0.0,正,否
102900011033906,保康高山大白菜,102900011035788,西峡香菇(份) ,0.5361,0.0,0.0,正,否
102900011033906,保康高山大白菜,106949711300259,金针菇(盒),0.6705,0.0,0.0,正,否
102900011033920,黄心菜(2),102900011033937,金针菇(2),0.5566,0.0,0.0,正,否
102900011033920,黄心菜(2),102900011033944,杏鲍菇(2),0.5237,0.0,0.0,正,否
102900011033920,黄心菜(2),102900011034026,枝江青梗散花,0.7363,0.0,0.0,正,否
102900011033920,黄心菜(2),102900011034224,小青菜(份),0.6726,0.0,0.0,正,否
102900011033920,黄心菜(2),102900011034231,奶白菜(份),0.4174,0.0,0.0,正,否
102900011033920,黄心菜(2),102900011035771,黄白菜(1),0.4078,0.0,0.0,正,否
102900011033920,黄心菜(2),102900051004294,青线椒,-0.5186,0.0,0.0,负,否
102900011033920,黄心菜(2),106949711300259,金针菇(盒),0.5353,0.0,0.0,正,否
102900011033937,金针菇(2),102900011034026,枝江青梗散花,0.4394,0.0,0.0,正,否
102900011033937,金针菇(2),102900011034224,小青菜(份),0.4447,0.0,0.0,正,否
102900011033944,杏鲍菇(2),102900011034026,枝江青梗散花,0.8142,0.0,0.0,正,否
102900011033944,杏鲍菇(2),102900011034224,小青菜(份),0.6924,0.0,0.0,正,否
102900011033944,杏鲍菇(2),102900011034231,奶白菜(份),0.7919,0.0,0.0,正,否
102900011033944,杏鲍菇(2),102900011034330,双孢菇(盒),0.5212,0.0,0.0,正,否
102900011033944,杏鲍菇(2),102900011034439,青红杭椒组合装(份),0.7563,0.0,0.0,正,否
102900011033944,杏鲍菇(2),102900011035078,红椒(2),0.6574,0.0,0.0,正,否
102900011033944,杏鲍菇(2),102900051004294,青线椒,-0.5157,0.0,0.0,负,否
102900011033944,杏鲍菇(2),106949711300259,金针菇(盒),0.689,0.0,0.0,正,否
102900011034026,枝江青梗散花,102900011034224,小青菜(份),0.7866,0.0,0.0,正,否
102900011034026,枝江青梗散花,102900011034231,奶白菜(份),0.7106,0.0,0.0,正,否
102900011034026,枝江青梗散花,102900011034439,青红杭椒组合装(份),0.6302,0.0,0.0,正,否
102900011034026,枝江青梗散花,102900011035078,红椒(2),0.5219,0.0,0.0,正,否
102900011034026,枝江青梗散花,102900011035511,净藕(3),0.4322,0.0,0.0,正,否
102900011034026,枝江青梗散花,102900011035788,西峡香菇(份) ,0.4113,0.0,0.0,正,否
102900011034026,枝江青梗散花,102900051004294,青线椒,-0.5804,0.0,0.0,负,否
102900011034026,枝江青梗散花,106949711300259,金针菇(盒),0.7207,0.0,0.0,正,否
102900011034224,小青菜(份),102900011034231,奶白菜(份),0.5088,0.0,0.0,正,否
102900011034224,小青菜(份),102900011034439,青红杭椒组合装(份),0.4494,0.0,0.0,正,否
102900011034224,小青菜(份),102900011035511,净藕(3),0.5221,0.0,0.0,正,否
102900011034224,小青菜(份),102900011035764,龙牙菜,0.4035,0.0,0.0,正,否
102900011034224,小青菜(份),102900011035771,黄白菜(1),0.4053,0.0,0.0,正,否
102900011034224,小青菜(份),102900011035788,西峡香菇(份) ,0.447,0.0,0.0,正,否
102900011034224,小青菜(份),102900051004294,青线椒,-0.4004,0.0,0.0,负,否
102900011034224,小青菜(份),106949711300259,金针菇(盒),0.5239,0.0,0.0,正,否
102900011034231,奶白菜(份),102900011034330,双孢菇(盒),0.4141,0.0,0.0,正,否
102900011034231,奶白菜(份),102900011034439,青红杭椒组合装(份),0.7509,0.0,0.0,正,否
102900011034231,奶白菜(份),102900011035078,红椒(2),0.7107,0.0,0.0,正,否
102900011034231,奶白菜(份),102900011035740,蟹味菇与白玉菇双拼(盒),0.4126,0.0,0.0,正,否
102900011034231,奶白菜(份),102900051004294,青线椒,-0.528,0.0,0.0,负,否
102900011034231,奶白菜(份),106949711300259,金针菇(盒),0.6198,0.0,0.0,正,否
102900011034330,双孢菇(盒),102900011034439,青红杭椒组合装(份),0.4303,0.0,0.0,正,否
102900011034330,双孢菇(盒),102900011035078,红椒(2),0.6554,0.0,0.0,正,否
102900011034330,双孢菇(盒),102900011035740,蟹味菇与白玉菇双拼(盒),0.6324,0.0,0.0,正,否
102900011034330,双孢菇(盒),102900051004294,青线椒,-0.4262,0.0,0.0,负,否
102900011034330,双孢菇(盒),106949711300259,金针菇(盒),0.5641,0.0,0.0,正,否
102900011034439,青红杭椒组合装(份),102900011035078,红椒(2),0.675,0.0,0.0,正,否
102900011034439,青红杭椒组合装(份),102900011035740,蟹味菇与白玉菇双拼(盒),0.4284,0.0,0.0,正,否
102900011034439,青红杭椒组合装(份),102900051004294,青线椒,-0.4658,0.0,0.0,负,否
102900011034439,青红杭椒组合装(份),106949711300259,金针菇(盒),0.5082,0.0,0.0,正,否
102900011035078,红椒(2),102900011035740,蟹味菇与白玉菇双拼(盒),0.6824,0.0,0.0,正,否
102900011035078,红椒(2),102900051004294,青线椒,-0.5206,0.0,0.0,负,否
102900011035078,红椒(2),106949711300259,金针菇(盒),0.6249,0.0,0.0,正,否
102900011035764,龙牙菜,102900011035771,黄白菜(1),0.7967,0.0,0.0,正,否
102900011035764,龙牙菜,102900011035788,西峡香菇(份) ,0.5961,0.0,0.0,正,否
102900011035764,龙牙菜,106949711300259,金针菇(盒),0.5025,0.0,0.0,正,否
102900011035771,黄白菜(1),102900011035788,西峡香菇(份) ,0.6087,0.0,0.0,正,否
102900011035771,黄白菜(1),106949711300259,金针菇(盒),0.5074,0.0,0.0,正,否
102900011035788,西峡香菇(份) ,106949711300259,金针菇(盒),0.5427,0.0,0.0,正,否
102900051004294,青线椒,106949711300259,金针菇(盒),-0.5147,0.0,0.0,负,否
106930274220092,蟹味菇(袋),106949711300068,金针菇(袋)(3),0.6567,0.0,0.0,正,否
106930274220092,蟹味菇(袋),106958851400125,海鲜菇(袋)(4),0.5253,0.0,0.0,正,否
106949711300068,金针菇(袋)(3),106958851400125,海鲜菇(袋)(4),0.6806,0.0,0.0,正,否
